user_id,timestamp,tag,data
17,2024-08-13 2:10:44,start,
17,2024-08-13 2:11:49,user_feedaback,"{""user_input"": ""절약한 탄소량의 정보를 보여주는게 왜 직접적으로 사람들에게 저탄소 교통 이용을 장려할 수 있는 건지 설명해줘"", ""category"": [{""sentence"": ""절약한 탄소량의 정보를 보여주는게 왜 직접적으로 사람들에게 저탄소 교통 이용을 장려할 수 있는 건지 설명해줘"", ""categories"": ""Question"", ""type"": ""Deep Reasoning""}], ""new_knowledge"": [""사용자에게 제공하는 정보가 그들의 행동에 직접적인 영향을 미치는 이유를 명확히 이해해야 한다.""], ""new_actionPlan"": [""저탄소 교통 이용을 장려하는 정보가 사용자 행동에 어떻게 영향을 미치는지에 대한 구체적인 이유를 조사하고 설명하라.""], ""new_thinking"": ""사용자에게 제공하는 정보가 그들의 행동에 직접적인 영향을 미치는 이유를 명확히 이해해야겠어."", ""evaluation"": {""sentences"": [{""sentence"": ""절약한 탄소량의 정보를 보여주는게 왜 직접적으로 사람들에게 저탄소 교통 이용을 장려할 수 있는 건지 설명해줘"", ""categories"": ""Question"", ""type"": ""Deep Reasoning"", ""knowledge"": ""Explain why showing saved carbon emissions directly encourages the use of low-carbon transportation."", ""evaluation"": {""timely"": 5, ""relevance"": 5, ""high-level"": 5, ""specificity"": 0, ""justification"": 0, ""active"": 0, ""sentiment"": 0}}]}, ""response"": {""answer"": ""사람들은 눈에 보이는 데이터를 통해 자신의 행동이 환경에 긍정적인 영향을 미친다는 걸 직접 느낄 수 있을거에요. 직접 절약한 탄소량을 보여주면 더욱 동기부여가 되겠죠.""}}"
17,2024-08-13 2:13:13,user_feedaback,"{""user_input"": ""그렇지만 사람들이 원래 이용하는 교통 수단이 있을텐데 탄소 절약만을 위해서 그 수단을 바꿔서 이용할까? 소요 시간이나 이용요금 같은 데에서 더 이득인 수단을 선택하지 않을까?"", ""category"": [{""sentence"": ""그렇지만 사람들이 원래 이용하는 교통 수단이 있을텐데 탄소 절약만을 위해서 그 수단을 바꿔서 이용할까?"", ""categories"": ""Question"", ""type"": ""Deep Reasoning""}, {""sentence"": ""소요 시간이나 이용요금 같은 데에서 더 이득인 수단을 선택하지 않을까?"", ""categories"": ""Question"", ""type"": ""Deep Reasoning""}], ""new_knowledge"": [""사용자들이 기존에 이용하던 교통수단을 바꾸는 것은 쉽지 않다."", ""사용자에게 제공하는 정보는 그들이 중요하게 생각하는 기준에 맞춰져야 한다.""], ""new_actionPlan"": [""사용자들이 기존 교통수단을 바꾸도록 유도할 수 있는 추가적인 인센티브나 혜택을 고려해보자."", ""사용자들이 저탄소 교통을 선택할 때 중요하게 생각하는 기준을 조사하고, 그 기준에 맞는 정보를 제공하도록 디자인을 개선하자.""], ""new_thinking"": ""사람들이 원래 이용하는 교통 수단이 있을텐데 탄소 절약만으로 그 수단을 바꿀 수 있을까? 사용자들이 중요하게 생각하는 기준에 맞춰 정보를 제공해야겠구나."", ""evaluation"": {""sentences"": [{""sentence"": ""그렇지만 사람들이 원래 이용하는 교통 수단이 있을텐데 탄소 절약만을 위해서 그 수단을 바꿔서 이용할까?"", ""categories"": ""Question"", ""type"": ""Deep Reasoning"", ""knowledge"": ""People may not change their usual mode of transportation solely for carbon savings."", ""evaluation"": {""timely"": 6, ""relevance"": 6, ""high-level"": 5, ""specificity"": 0, ""justification"": 0, ""active"": 0, ""sentiment"": 0}}, {""sentence"": ""소요 시간이나 이용요금 같은 데에서 더 이득인 수단을 선택하지 않을까?"", ""categories"": ""Question"", ""type"": ""Deep Reasoning"", ""knowledge"": ""People might choose transportation based on time and cost benefits."", ""evaluation"": {""timely"": 6, ""relevance"": 6, ""high-level"": 5, ""specificity"": 0, ""justification"": 0, ""active"": 0, ""sentiment"": 0}}]}, ""response"": {""answer"": ""네, 사람들이 일반적으로 소요 시간과 이용 요금을 많이 고려하는 것은 맞습니다. 그래서 절약한 탄소량 정보 외에도, 저탄소 교통을 이용해서 얻을 수 있는 다른 혜택들도 함께 제공한다면 더 효과적일 것 같아요. 예를 들어, 저렴한 요금이나 전용 좌석 같은 추가 혜택들요.""}}"
17,2024-08-13 2:13:56,user_feedaback,"{""user_input"": ""저렴한 요금이나 전용 좌석은 그러면 모든 저탄소 교통을 타는 사람한테 제공되는거야? 아니면 몇번 탔을때 제공된다거나 하는 식이야?"", ""category"": [{""sentence"": ""저렴한 요금이나 전용 좌석은 그러면 모든 저탄소 교통을 타는 사람한테 제공되는거야?"", ""categories"": ""Question"", ""type"": ""Low-Level""}, {""sentence"": ""아니면 몇번 탔을때 제공된다거나 하는 식이야?"", ""categories"": ""Question"", ""type"": ""Low-Level""}], ""new_knowledge"": [""사용자에게 제공하는 혜택은 그들이 실제로 필요로 하는 것이어야 한다."", ""사용자에게 제공하는 정보는 반복적으로 제공될 때 더 효과적이다.""], ""new_actionPlan"": [""저탄소 교통을 이용하는 사용자에게 제공할 혜택이 실제로 그들에게 유용한지 조사해라."", ""저탄소 교통 이용에 대한 정보를 반복적으로 제공할 수 있는 방법을 고려하자.""], ""new_thinking"": ""사용자에게 제공하는 혜택이 정말로 그들에게 필요한 것일까? 사용자에게 정보를 반복적으로 제공하면 더 효과적일까?"", ""evaluation"": {""sentences"": [{""sentence"": ""저렴한 요금이나 전용 좌석은 그러면 모든 저탄소 교통을 타는 사람한테 제공되는거야?"", ""categories"": ""Question"", ""type"": ""Low-Level"", ""knowledge"": ""Clarification on the availability of benefits for low-carbon transportation users."", ""evaluation"": {""timely"": 5, ""relevance"": 5, ""high-level"": 1, ""specificity"": 0, ""justification"": 0, ""active"": 0, ""sentiment"": 0}}, {""sentence"": ""아니면 몇번 탔을때 제공된다거나 하는 식이야?"", ""categories"": ""Question"", ""type"": ""Low-Level"", ""knowledge"": ""Clarification on the conditions for receiving benefits for low-carbon transportation users."", ""evaluation"": {""timely"": 5, ""relevance"": 5, ""high-level"": 1, ""specificity"": 0, ""justification"": 0, ""active"": 0, ""sentiment"": 0}}]}, ""response"": {""answer"": ""모든 저탄소 교통을 타는 사람한테 제공되는 건 어렵겠죠. 일정 횟수 이상 타거나 누적 거리에 따라 제공하는 식으로 하면 좋을 것 같아요.""}}"
17,2024-08-13 2:18:24,user_feedaback,"{""user_input"": ""서울 지역 내에서 활성화된 지도 서비스라고 가정해보자. 저탄소 교통을 월 몇회 이상 이용했거나 누적 거리가 몇 키로미터인 경우에 제공하면 좋을까? 요금은 얼마나 할인해주고 전용 좌석은 버스나 지하철에서 어떻게 배정해야할까?"", ""category"": [{""sentence"": ""저탄소 교통을 월 몇회 이상 이용했거나 누적 거리가 몇 키로미터인 경우에 제공하면 좋을까?"", ""categories"": ""Question"", ""type"": ""Generate Design""}, {""sentence"": ""요금은 얼마나 할인해주고 전용 좌석은 버스나 지하철에서 어떻게 배정해야할까?"", ""categories"": ""Question"", ""type"": ""Generate Design""}], ""new_knowledge"": [""사용자에게 제공하는 혜택은 그들의 행동을 지속적으로 유도할 수 있어야 한다."", ""사용자에게 제공하는 혜택은 구체적이고 실질적이어야 한다.""], ""new_actionPlan"": [""저탄소 교통 이용 횟수나 누적 거리에 따라 혜택을 제공하는 방안을 구체적으로 설계하자."", ""저탄소 교통 이용 시 제공할 혜택을 구체적으로 설계하고, 그 혜택이 실질적으로 사용자에게 도움이 되는지 검토하라.""], ""new_thinking"": ""사용자에게 지속적인 혜택을 제공하면 행동을 더 오래 유지할 수 있겠구나. 사용자에게 제공하는 혜택은 구체적이고 실질적이어야 해."", ""evaluation"": {""sentences"": [{""sentence"": ""저탄소 교통을 월 몇회 이상 이용했거나 누적 거리가 몇 키로미터인 경우에 제공하면 좋을까?"", ""categories"": ""Question"", ""type"": ""Generate Design"", ""knowledge"": ""The mentor is asking for specific criteria for providing benefits based on the usage of low-carbon transportation."", ""evaluation"": {""timely"": 6, ""relevance"": 7, ""high-level"": 5, ""specificity"": 0, ""justification"": 0, ""active"": 0, ""sentiment"": 0}}, {""sentence"": ""요금은 얼마나 할인해주고 전용 좌석은 버스나 지하철에서 어떻게 배정해야할까?"", ""categories"": ""Question"", ""type"": ""Generate Design"", ""knowledge"": ""The mentor is asking for details on the discount amount and seat allocation for low-carbon transportation."", ""evaluation"": {""timely"": 6, ""relevance"": 7, ""high-level"": 5, ""specificity"": 0, ""justification"": 0, ""active"": 0, ""sentiment"": 0}}]}, ""response"": {""answer"": ""서울 기준으로 월 10회 이상이나 누적 50km 이상 사용했을 때 혜택을 제공하면 적당할 것 같아요. 요금 할인은 10% 정도가 무난하고, 전용 좌석은 버스나 지하철의 뒷좌석 일부를 배정할 수 있을 것 같네요.""}}"
17,2024-08-13 2:19:01,update_idea,"{""title"": ""저탄소 교통 이용을 장려하는 지도 서비스"", ""problem"": ""많은 사람들이 저탄소 교통의 중요성을 인지하고 있음에도 불구하고, 대기 시간, 혼잡함 등의 불편함으로 인해 개인 교통수단을 선호하게 되어 저탄소 교통 이용이 감소하고 있습니다."", ""idea"": ""이 문제를 해결하기 위해, 사용자가 저탄소 교통수단을 이용했을 때 얼마나 많은 탄소를 절약했는지 보여주는 기능을 지도 서비스에 추가하고, 저탄소 교통을 자주 이용하는 사용자들에게 특별한 혜택을 제공하는 프로그램을 도입하겠습니다. 이 서비스는 목적지를 검색할 때, 저탄소 교통수단과 개인 교통수단의 탄소 배출량을 비교하여 보여주며, 추가적으로 저탄소 교통을 이용할 경우 조건에 따라 요금 할인, 전용 좌석 제공 등의 인센티브를 제공합니다. 서울 지역 기준으로 월 10회 이상 또는 누적 50km 이상 이용 고객에게 10% 요금 할인과 전용 좌석이 제공되며, 이러한 혜택들은 사용자의 이용 패턴과 선호도를 분석하여 탄소 절감은 물론, 이용자의 편의성을 더욱 높일 수 있도록 계획하였습니다. 이 유인책과 정보 제공은 사람들이 좀 더 환경적인 선택을 하도록 동기를 부여하고, 저탄소 교통수단의 지속적인 이용을 촉진할 것입니다.""}"
17,2024-08-13 2:20:42,user_feedaback,"{""user_input"": ""월 10회면 출퇴근하는 직장인 기준 하루에 2번 이용하면 평일 5일만 출근해도 채울 수 있는 횟수인데 너무 적은 것 같아. 누적 50km인 이유는 혹시 뭐야? 저탄소 교통 1회 이용 시 평균 이용 거리를 알 수 있으면 참고하면 좋을 것 같아. 요금할인 10퍼센트를 적용하게 되면 그 비용은 서울시에서 부담할지 지도 서비스에서 부담할 지도 정해야할 것 같아"", ""category"": [{""sentence"": ""월 10회면 출퇴근하는 직장인 기준 하루에 2번 이용하면 평일 5일만 출근해도 채울 수 있는 횟수인데 너무 적은 것 같아."", ""categories"": ""Statement"", ""type"": ""Evaluation""}, {""sentence"": ""누적 50km인 이유는 혹시 뭐야?"", ""categories"": ""Question"", ""type"": ""Low-Level""}, {""sentence"": ""저탄소 교통 1회 이용 시 평균 이용 거리를 알 수 있으면 참고하면 좋을 것 같아."", ""categories"": ""Statement"", ""type"": ""Recommendation""}, {""sentence"": ""요금할인 10퍼센트를 적용하게 되면 그 비용은 서울시에서 부담할지 지도 서비스에서 부담할 지도 정해야할 것 같아."", ""categories"": ""Statement"", ""type"": ""Recommendation""}], ""new_knowledge"": [""Design incentives should be realistic and achievable for the target users."", ""기준을 설정할 때는 사용자에게 명확하고 이해하기 쉬운 이유를 제공해야 한다."", ""사용자에게 평균 이용 거리를 제공하면 그들의 행동을 더 잘 이해할 수 있다."", ""혜택을 제공할 때 발생하는 비용을 고려해야 한다.""], ""new_actionPlan"": [""Reevaluate the criteria for incentives to ensure they are attainable for regular users."", ""사용자에게 누적 50km 기준을 설정한 이유를 명확히 설명하고, 그 기준이 사용자에게 어떻게 유익한지 구체적으로 제시하자."", ""저탄소 교통 이용 시 평균 이용 거리를 사용자에게 제공하는 기능을 추가하자."", ""혜택 제공에 따른 비용을 분석하고, 이를 감당할 수 있는지 검토하자.""], ""new_thinking"": ""혜택 기준이 너무 높으면 사용자들이 동기부여를 받기 어려울 수 있겠구나. 기준을 설정할 때는 사용자에게 명확하고 이해하기 쉬운 이유를 제공해야겠구나. 사용자에게 평균 이용 거리를 제공하면 그들의 행동을 더 잘 이해할 수 있겠구나. 혜택을 제공할 때 발생하는 비용을 고려해야 하는구나."", ""evaluation"": {""sentences"": [{""sentence"": ""월 10회면 출퇴근하는 직장인 기준 하루에 2번 이용하면 평일 5일만 출근해도 채울 수 있는 횟수인데 너무 적은 것 같아."", ""categories"": ""Statement"", ""type"": ""Evaluation"", ""knowledge"": ""The proposed usage threshold for benefits may be too low for regular commuters."", ""evaluation"": {""specificity"": 6, ""justification"": 5, ""active"": 4, ""sentiment"": 0}}, {""sentence"": ""누적 50km인 이유는 혹시 뭐야?"", ""categories"": ""Question"", ""type"": ""Low-Level"", ""knowledge"": ""The reason behind the 50km threshold is unclear."", ""evaluation"": {""timely"": 5, ""relevance"": 4, ""high-level"": 1, ""specificity"": 0, ""justification"": 0, ""active"": 0, ""sentiment"": 0}}, {""sentence"": ""저탄소 교통 1회 이용 시 평균 이용 거리를 알 수 있으면 참고하면 좋을 것 같아."", ""categories"": ""Statement"", ""type"": ""Recommendation"", ""knowledge"": ""Knowing the average distance per use of low-carbon transport could be useful."", ""evaluation"": {""specificity"": 5, ""justification"": 4, ""active"": 5, ""sentiment"": 1}}, {""sentence"": ""요금할인 10퍼센트를 적용하게 되면 그 비용은 서울시에서 부담할지 지도 서비스에서 부담할 지도 정해야할 것 같아."", ""categories"": ""Statement"", ""type"": ""Recommendation"", ""knowledge"": ""The source of funding for the 10% fare discount needs to be determined."", ""evaluation"": {""specificity"": 6, ""justification"": 5, ""active"": 5, ""sentiment"": 1}}]}, ""response"": {""answer"": ""월 10회 기준이 적긴 하네요. 월 20회로 조정하는 게 어떨까요? 누적 50km는 평균 이용 거리를 고려해 설정했어요. 할인 비용은 서울시와 서비스가 분담하면 좋을 것 같아요.""}}"
17,2024-08-13 2:21:35,user_feedaback,"{""user_input"": ""좋아 그리고 너가 설정한 타겟 문제는 대기 시간과 혼잡함 등의 불편함인데 이 문제랑 아이디어가 연결이 잘 안되는 것 같아. 그 문제를 해결하기 위해서는 또 다른 아이디어가 있어야할 것 같은데 어떻게 생각해?"", ""category"": [{""sentence"": ""좋아 그리고 너가 설정한 타겟 문제는 대기 시간과 혼잡함 등의 불편함인데 이 문제랑 아이디어가 연결이 잘 안되는 것 같아."", ""categories"": ""Statement"", ""type"": ""Evaluation""}, {""sentence"": ""그 문제를 해결하기 위해서는 또 다른 아이디어가 있어야할 것 같은데 어떻게 생각해?"", ""categories"": ""Question"", ""type"": ""Generate Design""}], ""new_knowledge"": [""Design solutions should directly address the core problems identified."", ""Consider alternative ideas to address the problem effectively.""], ""new_actionPlan"": [""Ensure that the design idea directly tackles the issues of waiting time and discomfort in public transportation."", ""Brainstorm and evaluate additional ideas that could complement or enhance the current design.""], ""new_thinking"": ""디자인 솔루션은 식별된 핵심 문제를 직접적으로 해결해야 해. 문제를 해결하기 위해 다른 아이디어도 고려해야겠어."", ""evaluation"": {""sentences"": [{""sentence"": ""좋아 그리고 너가 설정한 타겟 문제는 대기 시간과 혼잡함 등의 불편함인데 이 문제랑 아이디어가 연결이 잘 안되는 것 같아."", ""categories"": ""Statement"", ""type"": ""Evaluation"", ""knowledge"": ""The idea does not seem to address the target problems of waiting time and congestion."", ""evaluation"": {""specificity"": 6, ""justification"": 6, ""active"": 5, ""sentiment"": 0}}, {""sentence"": ""그 문제를 해결하기 위해서는 또 다른 아이디어가 있어야할 것 같은데 어떻게 생각해?"", ""categories"": ""Question"", ""type"": ""Generate Design"", ""knowledge"": ""Another idea might be needed to solve the problem of waiting time and congestion."", ""evaluation"": {""timely"": 6, ""relevance"": 6, ""high-level"": 5, ""sentiment"": 0}}]}, ""response"": {""answer"": ""음, 맞아요. 대기 시간과 혼잡함 같은 구체적인 문제가 있는데 그 부분에 대한 해결책이 부족한 것 같아요. 대기 시간을 줄이기 위해 실시간 교통 정보나 빈 좌석 정보를 제공하는 기능을 추가하면 어떨까요? 그리고 혼잡함을 줄이기 위해 시간대별 혼잡도를 보여주는 기능도 있으면 좋을 것 같아요.""}}"
17,2024-08-13 2:22:27,update_idea,"{""title"": ""저탄소 교통 이용 촉진을 위한 지도 서비스 개선"", ""problem"": ""많은 사람들이 대중교통의 대기 시간과 혼잡함 때문에 저탄소 교통 이용을 기피하며, 이로 인해 개인 교통수단 이용이 증가하고 있습니다. 이는 탄소 배출량 증가로 이어져 환경 문제를 악화시키고 있습니다."", ""idea"": ""이 문제를 해결하기 위해, 우리는 지도 서비스에 여러 가지 정보와 혜택을 제공하여 저탄소 교통 이용을 장려할 계획입니다. 첫 번째로, 사용자가 저탄소 교통수단을 이용할 때 절약된 탄소량을 실시간으로 보여주고, 이를 통해 환경 보호에 기여하고 있음을 명확히 인지할 수 있게 합니다. 두 번째로, 저탄소 교통 이용 시 누적 거리 75km를 넘길 경우 10% 요금 할인 혜택을 제공합니다. 이 기준은 평균적인 이용 거리를 고려하여 설정되었으며, 서울시와 지도 서비스 공동으로 비용을 부담합니다. 세 번째로, 대기 시간과 혼잡을 줄이기 위한 실시간 교통 정보와 빈 좌석 정보 제공 기능을 추가합니다. 이 기능은 사용자가 더 빠르고 편리하게 이동할 수 있도록 돕습니다. 마지막으로, 혼잡도가 낮은 시간대에 저탄소 교통을 이용하는 사용자에게 추가 인센티브를 제공하는 시간대별 요금 할인 시스템을 도입합니다. 이러한 서비스는 사용자에게 저탄소 교통 선택을 더 매력적으로 만들어 지속적으로 이용하게 할 것입니다.""}"
17,2024-08-13 2:25:33,user_feedaback,"{""user_input"": ""혼잡도가 낮은 시간대에 저탄소 교통 이용자에게 인센티브를 제공하는 이유는 뭐야?"", ""category"": [{""sentence"": ""혼잡도가 낮은 시간대에 저탄소 교통 이용자에게 인센티브를 제공하는 이유는 뭐야?"", ""categories"": ""Question"", ""type"": ""Deep Reasoning""}], ""new_knowledge"": [""Incentives should be aligned with user behavior patterns to maximize effectiveness.""], ""new_actionPlan"": [""Analyze user behavior patterns to identify optimal times for offering incentives.""], ""new_thinking"": ""인센티브는 사용자 행동 패턴에 맞춰 제공해야 효과적이겠구나."", ""evaluation"": {""sentences"": [{""sentence"": ""혼잡도가 낮은 시간대에 저탄소 교통 이용자에게 인센티브를 제공하는 이유는 뭐야?"", ""categories"": ""Question"", ""type"": ""Deep Reasoning"", ""knowledge"": ""The mentor is asking for the rationale behind providing incentives to low-congestion time users."", ""evaluation"": {""timely"": 6, ""relevance"": 7, ""high-level"": 5, ""specificity"": 0, ""justification"": 0, ""active"": 0, ""sentiment"": 0}}]}, ""response"": {""answer"": ""혼잡도가 낮은 시간대에 저탄소 교통을 사용하는 사람들을 늘리면, 전체 교통 시스템의 부담이 줄어들고, 교통 혼잡 문제를 완화할 수 있어요. 그래서 그런 시간대에 인센티브를 주는 거죠.""}}"
17,2024-08-13 2:26:26,user_feedaback,"{""user_input"": ""좋은 아이디어 같은데 어떤 인센티브를 주는게 더 저탄소 교통 선택을 매력적으로 만들까?"", ""category"": [{""sentence"": ""좋은 아이디어 같은데"", ""categories"": ""Statement"", ""type"": ""Evaluation""}, {""sentence"": ""어떤 인센티브를 주는게 더 저탄소 교통 선택을 매력적으로 만들까?"", ""categories"": ""Question"", ""type"": ""Generate Design""}], ""new_knowledge"": [""A good idea should be well-aligned with the core problem it aims to solve."", ""Incentives should be designed to make the desired choice more attractive.""], ""new_actionPlan"": [""Ensure that the design idea directly addresses the identified core problems and aligns with user needs."", ""Consider additional incentives that can make low-carbon transportation more appealing to users.""], ""new_thinking"": ""좋은 아이디어는 해결하려는 핵심 문제와 잘 맞아야 해. 어떤 인센티브를 주는게 더 저탄소 교통 선택을 매력적으로 만들까?"", ""evaluation"": {""sentences"": [{""sentence"": ""좋은 아이디어 같은데"", ""categories"": ""Statement"", ""type"": ""Evaluation"", ""knowledge"": ""The mentor thinks the idea is good."", ""evaluation"": {""specificity"": 1, ""justification"": 1, ""active"": 1, ""sentiment"": 1}}, {""sentence"": ""어떤 인센티브를 주는게 더 저탄소 교통 선택을 매력적으로 만들까?"", ""categories"": ""Question"", ""type"": ""Generate Design"", ""knowledge"": ""The mentor is asking about the types of incentives that could make low-carbon transportation more attractive."", ""evaluation"": {""timely"": 5, ""relevance"": 5, ""high-level"": 5, ""sentiment"": 0}}]}, ""response"": {""answer"": ""추가 요금 할인을 주거나, 특정 매장에서 사용할 수 있는 포인트를 제공하는 것도 좋을 것 같아요. 사람들이 실질적으로 부담을 덜 느끼고 저탄소 교통을 더 이용하게 될 거예요.""}}"
17,2024-08-13 2:27:17,user_feedaback,"{""user_input"": ""기후동행카드랑 다른 점이 뭘까? 지도 서비스 개선이라기에는 지도의 역할이 너무 약한 것 같아"", ""category"": [{""sentence"": ""기후동행카드랑 다른 점이 뭘까?"", ""categories"": ""Question"", ""type"": ""Comparison""}, {""sentence"": ""지도 서비스 개선이라기에는 지도의 역할이 너무 약한 것 같아"", ""categories"": ""Statement"", ""type"": ""Evaluation""}], ""new_knowledge"": [""Comparing your design with existing solutions can highlight unique advantages and areas for improvement."", ""Design solutions should leverage the core strengths of the platform they are built on.""], ""new_actionPlan"": [""Compare your design with existing transportation incentive programs to identify unique benefits and potential improvements."", ""Evaluate how the map service's core functionalities can be enhanced to better support the design idea.""], ""new_thinking"": ""기존의 교통 인센티브 프로그램과 비교해보면 내 디자인의 독특한 장점과 개선할 점을 더 잘 알 수 있겠어. 지도 서비스의 핵심 기능을 강화하는 방향으로 디자인 솔루션을 생각해야겠어."", ""evaluation"": {""sentences"": [{""sentence"": ""기후동행카드랑 다른 점이 뭘까?"", ""categories"": ""Question"", ""type"": ""Comparison"", ""knowledge"": ""The feedback questions the unique aspects of the proposed idea compared to an existing solution."", ""evaluation"": {""timely"": 6, ""relevance"": 7, ""high-level"": 5, ""specificity"": 0, ""justification"": 0, ""active"": 0, ""sentiment"": 0}}, {""sentence"": ""지도 서비스 개선이라기에는 지도의 역할이 너무 약한 것 같아"", ""categories"": ""Statement"", ""type"": ""Evaluation"", ""knowledge"": ""The feedback suggests that the proposed idea does not sufficiently leverage the map service."", ""evaluation"": {""timely"": 0, ""relevance"": 0, ""high-level"": 0, ""specificity"": 6, ""justification"": 5, ""active"": 4, ""sentiment"": -1}}]}, ""response"": {""answer"": ""기후동행카드와의 차별성을 더 명확히 해야 될 것 같아요. 지도 서비스 측면에서 실시간 정보 제공이나 경로 추천 기능을 강화하면 더 좋을 것 같아요.""}}"
17,2024-08-13 2:28:15,user_feedaback,"{""user_input"": ""실시간 정보 제공이나 경로 추천에서 저탄소 교통 이용을 장려하는 아이디어가 뭐가 있을까?"", ""category"": [{""sentence"": ""실시간 정보 제공이나 경로 추천에서 저탄소 교통 이용을 장려하는 아이디어가 뭐가 있을까?"", ""categories"": ""Question"", ""type"": ""Generate Design""}], ""new_knowledge"": [""Design solutions should leverage real-time information to enhance user experience.""], ""new_actionPlan"": [""Integrate real-time traffic and seat availability information into the service to make it more appealing to users.""], ""new_thinking"": ""실시간 정보를 활용하면 사용자 경험을 크게 향상시킬 수 있겠어!"", ""evaluation"": {""sentences"": [{""sentence"": ""실시간 정보 제공이나 경로 추천에서 저탄소 교통 이용을 장려하는 아이디어가 뭐가 있을까?"", ""categories"": ""Question"", ""type"": ""Generate Design"", ""knowledge"": ""The mentor is asking for ideas on how real-time information and route recommendations can encourage the use of low-carbon transportation."", ""evaluation"": {""timely"": 6, ""relevance"": 7, ""high-level"": 5, ""specificity"": 0, ""justification"": 0, ""active"": 0, ""sentiment"": 0}}]}, ""response"": {""answer"": ""서울 북쪽 사는 사람들에게 춘천 가는 길에 탄소 줄이기 위해 자전거 타고 갈 것을 추천하거나, 저탄소 교통 연결 경로를 실시간으로 업데이트하는 것도 좋을 것 같아요. 서울시 인근까지 가는 버스에서 자전거 렌탈 서비스 제공도 좋고요.""}}"
17,2024-08-13 2:29:12,user_feedaback,"{""user_input"": ""서울 북쪽에서 춘천을 가는데 자전거를 타고가라고 추천한다고..? 저탄소 교통 연결 경로 업데이트는 좋은 것 같아"", ""category"": [{""sentence"": ""서울 북쪽에서 춘천을 가는데 자전거를 타고가라고 추천한다고..?"", ""categories"": ""Question"", ""type"": ""Generate Design""}, {""sentence"": ""저탄소 교통 연결 경로 업데이트는 좋은 것 같아"", ""categories"": ""Statement"", ""type"": ""Evaluation""}], ""new_knowledge"": [""Design recommendations should be practical and feasible for users."", ""Design solutions should leverage real-time information to enhance user experience.""], ""new_actionPlan"": [""Ensure that all design recommendations are realistic and can be easily implemented by users."", ""Integrate real-time updates for low-carbon transportation routes to improve user experience.""], ""new_thinking"": ""사용자에게 추천하는 디자인은 실현 가능하고 현실적이어야 해. 실시간 정보를 활용하면 사용자 경험을 향상시킬 수 있겠어."", ""evaluation"": {""sentences"": [{""sentence"": ""서울 북쪽에서 춘천을 가는데 자전거를 타고가라고 추천한다고..?"", ""categories"": ""Question"", ""type"": ""Generate Design"", ""knowledge"": ""The mentor questions the feasibility of recommending a long-distance bicycle ride."", ""evaluation"": {""timely"": 5, ""relevance"": 5, ""high-level"": 3, ""specificity"": 0, ""justification"": 0, ""active"": 0, ""sentiment"": -1}}, {""sentence"": ""저탄소 교통 연결 경로 업데이트는 좋은 것 같아"", ""categories"": ""Statement"", ""type"": ""Evaluation"", ""knowledge"": ""The mentor approves the idea of updating low-carbon transport connection routes."", ""evaluation"": {""timely"": 0, ""relevance"": 0, ""high-level"": 0, ""specificity"": 5, ""justification"": 5, ""active"": 5, ""sentiment"": 1}}]}, ""response"": {""answer"": ""자전거 춘천 이야기는 좀 과했네요. 대신, 버스와 지하철을 연결하는 최적의 경로를 실시간으로 업데이트해주는게 좋을 것 같아요. 그리고 저탄소 교통 이용자에게는 특별한 쿠폰이라던가 포인트 같은 인센티브를 실시간으로 주면 더 매력적일 것 같아요.""}}"
17,2024-08-13 2:29:42,update_idea,"{""title"": ""저탄소 교통 이용 촉진을 위한 지도 서비스 개선"", ""problem"": ""저탄소 교통 수단의 이용을 불편하게 하는 대기 시간, 혼잡, 그리고 정보 부족 문제"", ""idea"": ""이 프로젝트는 사용자들이 저탄소 교통을 더 편리하고 유익하게 이용할 수 있도록 돕기 위해 개발된 지도 서비스를 중심으로 구성됩니다. 첫째, 사용자의 교통 수단 이용 패턴을 분석하여 인센티브를 제공하는 최적의 시간을 파악합니다. 이를 통해 혼잡도가 낮은 시간대에 저탄소 교통 이용을 유도하여 교통 체계의 효율성을 높입니다. 둘째, 실시간 교통 정보와 빈 좌석 정보 제공을 통해 사용자가 더 빠르고 편리하게 이동할 수 있도록 지원합니다. 셋째, 저탄소 교통 선택의 매력을 높이기 위해 추가 요금 할인, 특별 쿠폰, 포인트 등 다양한 혜택을 제공합니다. 넷째, 기존의 교통 인센티브 프로그램과의 차별화를 위해 사용자 경험에 특화된 기능을 개발하고, 기존의 지도 서비스의 기능을 저탄소 교통 이용 촉진에 맞게 강화합니다. 마지막으로 저탄소 교통 연결 경로를 실시간으로 업데이트하며, 이를 지도 서비스에 통합하여 사용자가 실시간으로 최적의 경로를 선택할 수 있게 합니다. 이러한 기능들은 사용자가 저탄소 교통 수단을 더 자주 이용하도록 동기를 부여하고, 경제적, 시간적 이득을 고려한 실질적인 선택을 가능하게 만듭니다.""}"
17,2024-08-13 2:30:14,finish,
 ,,,