user_id,timestamp,sentence,categories,type,evaluation.timely,evaluation.relevance,evaluation.high-level,evaluation.specificity,evaluation.justification,evaluation.active,evaluation.sentiment
1.0,2024-08-12 6:07:39,입양대상이 되는 동물은 무엇이 있나요?,Question,Low-Level,5.0,4.0,1.0,0.0,0.0,0.0,0
1.0,2024-08-12 6:08:55,유기된 동물들을 위주로 진행하나요?,Question,Low-Level,5.0,5.0,1.0,0.0,0.0,0.0,0
1.0,2024-08-12 6:09:22,"입양대상이 되기 전 대상 동물들은 어떻게 보호, 관리되나요?",Question,Low-Level,5.0,4.0,1.0,0.0,0.0,0.0,0
1.0,2024-08-12 6:09:57,"입양 희망자의 자격을 평가하는 것이 주 서비스인 것 같은데,",Statement,Evaluation,,,,5.0,4.0,3.0,0
1.0,2024-08-12 6:11:26,"희망자들이 경제적 능력 평가, 가정방문 평가 등의 과정에서 기분이 나빠지거나 과하다고 생각하지는 않을까요?",Question,Deep Reasoning,5.0,5.0,5.0,,,,0
1.0,2024-08-12 6:12:15,"반려동물을 키울 때 경제적 능혁, 동물에 대한 이해도가 꼭 필요하다는 사실이 일반 대중에게 잘 알려지지 않은 것 같아요.",Statement,Evaluation,,,,5.0,5.0,4.0,0
1.0,2024-08-12 6:12:17,입양 희망자에게 이런 사실을 알려주는 단계도 있나요?,Question,Low-Level,5.0,5.0,2.0,0.0,0.0,0.0,0
1.0,2024-08-12 6:13:14,반려동물을 키워보지 않은 사람들도 한번에 납득할 수 있게 공신력 있는 자료와 함께 설명하면 좋을 것 같아요.,Statement,Recommendation,,,,5.0,5.0,5.0,1
1.0,2024-08-12 6:13:54,또한 평가자가 충분히 전문성 있는 사람인지도 보여주어야 할 것 같아요.,Statement,Recommendation,,,,4.0,4.0,4.0,1
1.0,2024-08-12 6:15:19,계약서는 어떻게 구성되어있나요?,Question,Low-Level,5.0,5.0,1.0,0.0,0.0,0.0,0
1.0,2024-08-12 6:16:09,법적 효력이 있는 계약서인가요?,Question,Low-Level,5.0,5.0,1.0,0.0,0.0,0.0,0
1.0,2024-08-12 6:16:11,법적 효력이 있다면 입양 희망자가 큰 부담을 느낄수도 있을 것 같아요.,Statement,Evaluation,,,,5.0,5.0,4.0,-1
1.0,2024-08-12 6:18:04,왜 법적효력이 있도록 하고싶은 거죠?,Question,Deep Reasoning,5.0,5.0,5.0,,,,0
1.0,2024-08-12 6:18:56,정기방문에 대해서도 이야기해보고 싶어요.,Statement,Evaluation,,,,4.0,3.0,3.0,0
1.0,2024-08-12 6:19:14,정기 방문은 누가 주체가 되는 것인가요?,Question,Low-Level,4.0,5.0,1.0,,,,0
1.0,2024-08-12 6:19:18,어떤 절차로 구성되나요?,Question,Low-Level,4.0,5.0,1.0,,,,0
1.0,2024-08-12 6:19:52,입양자의 자격을 심사하던 평가자라면 쉽게 신뢰를 쌓을 수 있을거에요.,Statement,Evaluation,,,,5.0,4.0,3.0,1
1.0,2024-08-12 6:21:13,또한 평가자는 바꾸지 않고 오래 유지해야 입양자의 상황을 더 잘 이해할 수 있을 것이에요.,Statement,Recommendation,,,,5.0,5.0,4.0,1
1.0,2024-08-12 6:21:50,정기방문 평가 기준을 다 똑같이 적용하지 말고 입양자의 상황에 맞게 한다면 좋을 것 같은데 가능할까요?,Question,Generate Design,5.0,5.0,4.0,,,,1
1.0,2024-08-12 6:22:34,입양자가 반려동물의 상태를 온라인으로 보고할 수 있다고 했는데 그럼 앱이나 웹사이트가 있는것인가요?,Question,Low-Level,5.0,5.0,1.0,0.0,0.0,0.0,0
1.0,2024-08-12 6:23:05,그럼 앱이나 웹사이트가 있는것인가요?,Question,Feature Specification,5.0,5.0,1.0,0.0,0.0,0.0,0
1.0,2024-08-12 6:23:34,어떤 문제들을 보고할 수 있나요?,Question,Low-Level,5.0,5.0,1.0,0.0,0.0,0.0,0
1.0,2024-08-12 6:23:35,감정적인 준비 상태가 정확히 어떤 것을 말하는 것일까요?,Question,Low-Level,5.0,5.0,1.0,0.0,0.0,0.0,0
1.0,2024-08-12 6:24:46,What does X mean?,Question,Definition,5.0,5.0,1.0,0.0,0.0,0.0,0
1.0,2024-08-12 6:25:17,실제로 반려동물을 키우는 사람들의 경험담이 도움될 수 있을 것 같아요.,Statement,Recommendation,,,,5.0,4.0,5.0,1
1.0,2024-08-12 6:26:09,사람들이 흔히 생각하지 못하는 병원비 문제나 반려동물이 주는 단점들을 실감있게 알 수 있을 것이에요.,Statement,Information,,,,5.0,5.0,4.0,1
1.0,2024-08-12 6:27:00,그럼에도 불구하고 반려동물이 주는 장점도 알 수있을것같아요,Statement,Information,,,,4.0,4.0,4.0,1
1.0,2024-08-12 6:28:20,다른 입양 희망자와 교류할 수 있는 방법이 있으면 좋을 것 같은데 어떻게 생각하나요,Question,Generate Design,5.0,5.0,5.0,0.0,0.0,0.0,1
1.0,2024-08-12 6:29:21,입양희망자가 자격을 갖춘 후에는 어떤식으로 반려동물과 매칭되나요?,Question,Low-Level,5.0,5.0,1.0,0.0,0.0,0.0,0
1.0,2024-08-12 6:29:22,입양희망자가 선택할 수는 없나요,Question,Generate Design,5.0,6.0,4.0,0.0,0.0,0.0,0
1.0,2024-08-12 6:30:09,단순히 성격등이 나와있는 프로필을 보기보다는 입양희망자와 반려동물이 직접 만나는 단계가 있었으면 좋겠어요.,Statement,Recommendation,,,,6.0,5.0,6.0,1
1.0,2024-08-12 6:30:15,실제로 살아있는 생명인만큼 직접 만나서 겪어보고 판단해야한다고 생각해요,Statement,Evaluation,,,,5.0,6.0,5.0,1
,,성격에 따라 매칭한다고 하였는데 반려동물의 성격은 어떻게 판단하나요?,Question,Low-Level,5.0,5.0,1.0,0.0,0.0,0.0,0
,,반려동물의 성격은 어떻게 판단하나요?,Question,Feature Specification,5.0,5.0,1.0,0.0,0.0,0.0,0
,,요즘에는 특정 종의 동물을 과시하고싶어하는 사람들이 많다고 들었어요.,Statement,Information,,,,3.0,2.0,1.0,0
,,특정 종만을 원하는 입양희망자는 어떻게 대처할것인가요?,Question,Generate Design,5.0,5.0,4.0,,,,0
,,"유기된 동물을 케어하고, 전문인력을 섭외하여 입양 희망자를 평가하고 입양후에도 케어하려면 많은 자본이 필요할 것 같아요.",Statement,Evaluation,,,,6.0,6.0,5.0,0
,,petit의 수익구조는 이를 감당할 수 있을까요?,Question,Deep Reasoning,6.0,7.0,5.0,,,,0
,,최근 동물을 내세워 제품을 판매하다가 잠적한 사기꾼 등의 사례를 많이 봤어요.,Statement,Information,,,,5.0,4.0,2.0,-1
,,동물은 어떻게 선정할 것인가요?,Question,Low-Level,3.0,4.0,1.0,,,,0
2.0,2024-08-12 4:16:22,학생증을 활용해서 전기를 절약하는 좋은 아이디어인 것 같아!,Statement,Evaluation,,,,3.0,2.0,2.0,1
2.0,2024-08-12 4:20:10,"다만 며칠 전 뉴스를 봤는데, 에어컨을 활용할 때 에어컨을 반복적으로 껐다 키는 것보다 에어컨을 일정 온도에 맞춰두고 계속 켜 두는 게 전기 절약 측면에서 더 효과적이라고 들었어.",Statement,Information,,,,5.0,5.0,3.0,0
2.0,2024-08-12 4:21:50,에어컨을 외출할때마다 껐다 키는것과 계속 켜두는 것 중에서 어떤 것이 전기 절약에 더 효율적인지를 고민해봤으면 좋겠어,Statement,Recommendation,,,,4.0,4.0,5.0,0
2.0,2024-08-12 4:21:51,좋은 아이디어인 것 같아!,Statement,Evaluation,,,,1.0,1.0,1.0,1
2.0,2024-08-12 4:24:35,"그렇게 된다면 학교 측에서 정해진 시간에 하루 3번씩 에어컨을 자동으로 제어할 필요 없이,",Statement,Information,,,,5.0,5.0,3.0,1
2.0,2024-08-12 4:26:43,기숙사 방 내의 학생의 유무에 따라 더욱 효과적으로 에너지를 절약할 수 있을 것 같넹,Statement,Evaluation,,,,4.0,4.0,4.0,1
2.0,2024-08-12 4:28:58,기숙사 에어컨의 최저 온도가 설정되어있어서 26도 이하로는 에어컨 온도를 설정하지 못하는 것으로 알고 있어.,Statement,Information,,,,6.0,5.0,3.0,0
2.0,2024-08-12 4:28:59,그래서 에어컨 조절 버튼에 막대기를 끼우거나 하는 부적절한 방식으로 에어컨 온도를 계속 낮추려고 하는 친구들이 많은 것 같아.,Statement,Information,,,,6.0,5.0,3.0,-1
2.0,2024-08-12 4:29:27,이는 에어컨 기기의 고장을 유발할 수 있으니 에어컨의 적정 온도를 학생들의 요구를 반영하면 좋지 않을까?,Statement,Recommendation,,,,5.0,6.0,6.0,1
2.0,2024-08-12 4:31:30,"그리고 탄소 배출 절감 및 불필요한 전기 사용을 방지하기 위해서, 에어컨 및 전등 뿐만 아니라, 전기 콘센트도 함께 제어할 수 있도록 하는 것은 어때?",Question,Generate Design,6.0,7.0,5.0,0.0,0.0,0.0,1
2.0,2024-08-12 4:33:33,"냉장고와 같이 상시적으로 켜두어야하는 전자제품이 연결되어 있는 콘센트는 안되겠지만,",Statement,Information,,,,6.0,5.0,0.0,0
2.0,2024-08-12 4:35:23,"책상 위에 마련된 전기 콘센트들의 경우, 귀찮다거나 자주 까먹는다는 이유로 학생들이 고데기나 충전기 등을 꽂아둔 채로 외출하는 경우가 많아.",Statement,Information,,,,6.0,5.0,0.0,0
2.0,2024-08-12 4:35:24,이러한 전기들은 충분히 학생증을 활용한 제어 시스템으로 절약할 수 있을 것 같다,Statement,Recommendation,,,,5.0,5.0,6.0,1
2.0,2024-08-12 4:36:02,"통합 제어 시스템이라고 하니 생각 났는데, 기숙사에 있는 공용공간에도 이를 적용할 수 있을 것 같아.",Statement,Recommendation,,,,5.0,4.0,5.0,1
2.0,2024-08-12 4:37:24,"보통 휴게실이나 스터디룸 같은 경우, 사람들이 사용하고 나가면서 전등이나 에어컨을 끄지 않고 그냥 나가는 경우가 많거든.",Statement,Information,,,,5.0,4.0,0.0,0
2.0,2024-08-12 4:38:19,이러한 경우에도 제어 시스템을 적용할 수 있을 것 같아,Statement,Recommendation,,,,4.0,4.0,5.0,1
2.0,2024-08-12 4:38:50,"하지만 휴게실의 경우, 동시간대에 여러 사람이 한 공간을 사용할 수도 있잖아?",Question,Low-Level,5.0,5.0,1.0,0.0,0.0,0.0,0
2.0,2024-08-12 4:38:57,"근데 학생증으로 제어를 한다면 학생증 분실우려도 있고, 학생증을 꽂아둔 사람이 먼저 나가게되면 휴게실에 남아있는 사람이 자신의 학생증을 다시 꽂아야하는 불편함이 있어..",Statement,Evaluation,0.0,0.0,0.0,6.0,6.0,5.0,-1
,,이정도는 감수를 해야할까?,Question,Judgmental,5.0,5.0,3.0,0.0,0.0,0.0,0
,,조금 더 나은 해결방안이 있을 것 같은데...,Question,Proposal/Negotiation,5.0,5.0,4.0,0.0,0.0,0.0,0
,,에어컨을 동작 감지 센서만으로 전원을 끄고 키는 방식은 아까 말했듯이 오히려 비효율적일 수도 있을 것 같아.,Statement,Evaluation,,,,5.0,4.0,3.0,-1
,,동작 감지 센서 이외에 공간 내 사람의 유무를 판단할 수 있는 다른 센서를 함께 사용하는 것은 어떨까?,Question,Generate Design,6.0,6.0,5.0,0.0,0.0,0.0,1
,,아니면 해당 공간들에서는 사람들이 보통 의자에 앉아서 시간을 보내니 의자에 압력 센서를 설치하거나 할수도 있지 않을까?,Question,Generate Design,6.0,7.0,5.0,0.0,0.0,0.0,1
,,하지만 효율적일지는 모르겠어,Statement,Evaluation,0.0,0.0,0.0,5.0,4.0,3.0,0
,,나도 그 점이 부족하다고 생각해.,Statement,Evaluation,,,,3.0,2.0,1.0,0
,,더 효과적이고 유지보수가 쉬운 다른 센서를 생각해보는 게 좋을 것 같아,Statement,Recommendation,,,,4.0,3.0,5.0,1
3,2024-08-16 4:15:37,개가 짖는 소리와 당시의 구체적인 상황에 대한 데이터는 어떻게 수집할건가요?,Question,Deep Reasoning,6.0,7.0,5.0,0.0,0.0,0.0,0
3,2024-08-16 4:17:55,이런 기능을 제공하는 어플이 있는 걸로 알고 있는데,Statement,Information,,,,3.0,2.0,1.0,0
3,2024-08-16 4:19:31,그 어플은 어떤 식으로 작동하는 건지 알고있나요?,Question,Low-Level,3.0,4.0,1.0,,,,0
3,2024-08-16 4:20:44,"강아지는 말을 못하니까 짖는 상황이 구체적이지 않으면 소리에 감정만 담길뿐, 구체적인 요구나 의미를 찾기 힘들 것 같아요",Statement,Evaluation,,,,5.0,5.0,3.0,0
3,2024-08-16 4:21:10,그럴수도 있겠네용,Statement,Evaluation,,,,1.0,1.0,1.0,0
3,2024-08-16 4:21:59,짖는 소리 말고 끙끙대거나 으르렁 거리는 소리 데이터도 수집할건가요?,Question,Generate Design,6.0,7.0,5.0,0.0,0.0,0.0,0
3,2024-08-16 4:23:20,보통 강아지와 주인은 정서적 교류가 활발해서 저런 변역기 없이도 소통이 잘 된다고 생각하면 어쩌죠,Question,Deep Reasoning,5.0,5.0,5.0,0.0,0.0,0.0,0
3,2024-08-16 4:24:01,강아지가 아플 때 빨리 대응할 수 있게 해주는건 좋은 것 같아요,Statement,Evaluation,,,,4.0,3.0,2.0,1
3,2024-08-16 4:24:02,영상으로 수집。,Statement,Recommendation,,,,2.0,1.0,2.0,0
3,2024-08-16 4:24:30,강아지가 짖을 때마다 스피커로 자동번역 내용이 들리는 건 좀 시끄러울 것 같아요,Statement,Evaluation,,,,5.0,4.0,3.0,-1
3,2024-08-16 4:25:56,그럼 필요할 때만 열람할 수 있어서 좋을 것 같아요,Statement,Evaluation,,,,5.0,4.0,3.0,1
3,2024-08-16 4:26:34,거부감도 줄어들고,Statement,Evaluation,,,,3.0,3.0,2.0,1
3,2024-08-16 4:26:35,"유튜브 보니까 ,,, 고양이 목에 작은 카메라를 달아서 고양이 관점으로 혼자 노는 장면을 영상으로 기록하는 사람이 있던데",Statement,Information,,,,5.0,4.0,3.0,1
3,2024-08-16 4:27:36,그런건 어때여,Question,Generate Design,4.0,5.0,3.0,,,,1
3,2024-08-16 4:30:15,만약에 모델을 만들었는데 정확도가 너무 낮으면 어떻게 되는거지,Question,Generate Design,5.0,6.0,4.0,0.0,0.0,0.0,0
3,2024-08-16 4:30:54,혼자하는 프로젝트인가요,Question,Concept Completion,5.0,4.0,3.0,0.0,0.0,0.0,0
3,2024-08-16 4:33:10,만약 소리를 잘 안내는 강아지가 있다면,Question,Scenario Creation,5.0,5.0,4.0,0.0,0.0,0.0,0
3,2024-08-16 4:33:11,번역이 잘 되는 거 위주로 보여주면 되지 않을까여。,Question,Generate Design,5.0,6.0,4.0,0.0,0.0,0.0,1
3,2024-08-16 4:34:33,앱을 통해서 번역내용을 확인하는게 귀찮을 수도 있을 것 같아요,Statement,Evaluation,,,,4.0,3.0,2.0,-1
4.0,2024-08-14 4:04:30,스트리밍 서비스의 알고리즘에 의해 위험한 컨텐츠가 덜컥 추천될 수 있다는 점이 바로 떠오르는 만큼 문제 의식에 공감하는 바입니다.,Statement,Evaluation,,,,5.0,4.0,3.0,1
4.0,2024-08-14 4:08:15,"현재 존재하는 아동의 안전한 인터넷 사용을 위한 프로그램으로서 유튜브 키즈가 떠오르는데, 이와 비교했을 때 보다 범용성 있게 사용될 수 있을 것 같아서 긍정적으로 봅니다.",Statement,Evaluation,,,,5.0,4.0,3.0,1
4.0,2024-08-14 4:11:26,"다만, AI 추천 시스템이 가지는 오류에 대해서도 우려가 됩니다.",Statement,Evaluation,,,,4.0,4.0,3.0,-1
4.0,2024-08-14 4:11:27,"실제로 유해하지 않은 컨텐츠인 경우에도 실수로 차단되는 상황이 있을 것 같은데, 이러한 점에 대한 동건 님의 생각을 듣고 싶습니다.",Question,Judgmental,5.0,5.0,4.0,,,,0
4.0,2024-08-14 4:14:16,예외 처리 기능을 고려하고 계신다는 점을 높게 삽니다.,Statement,Evaluation,,,,6.0,5.0,4.0,1
4.0,2024-08-14 4:14:47,말씀하신대로 보다 유연성을 높일 수 있을 듯합니다.,Statement,Evaluation,,,,5.0,5.0,4.0,1
4.0,2024-08-14 4:17:57,"다만, Safeview를 처음 사용하는 부모님들의 경우 다양한 콘텐츠 유형에 대한 이해도가 부족할 수 있다고 생각합니다.",Statement,Evaluation,,,,6.0,6.0,5.0,0
4.0,2024-08-14 4:17:58,자신의 아이들에게 어떤 콘텐츠가 적절하거나 적절하지 않은지 판단이 어려울 수 있다고 생각한다는 것이죠.,Statement,Evaluation,,,,6.0,6.0,5.0,0
4.0,2024-08-14 4:20:25,이런 경우 사용하는 부모님들에게 도움을 줄 수 있는 가이드라인을 고려해보신 바가 있을까요?,Question,Generate Design,6.0,6.0,5.0,,,,0
4.0,2024-08-14 4:22:45,"부모님들이 콘텐츠 유형을 직접 입력하기보다는, 자녀의 나이를 입력했을 때 해당 나이대의 아이들에게 적절한 콘텐츠 유형 몇 가지를 자동으로 추천해주고 그 중에서 선택을 할 수 있는 방법이 부담을 줄여줄 수 있을 듯합니다.",Statement,Recommendation,,,,6.0,5.0,6.0,1
4.0,2024-08-14 4:22:46,"나아가, 자녀가 특정 유형의 영상에 관심을 보인다면 그 관심사를 더욱 발전시킬 수 있는 추가적인 콘텐츠 유형을 추천하고 이를 업데이트할 수 있는 기능 또한 있다면 보다 발전적인 방향으로 스트리밍 서비스를 사용할 수 있을 것 같아요.",Statement,Recommendation,,,,5.0,5.0,6.0,1
4.0,2024-08-14 4:23:15,피드백을 받고 빠르게 업데이트해주신 것이 인상적입니다.,Statement,Evaluation,,,,3.0,2.0,1.0,1
4.0,2024-08-14 4:26:29,"하지만 이와 별개로, 영상 콘텐츠를 실시간으로 분석하고 차단한다는 말이 눈에 들어옵니다.",Statement,Evaluation,,,,3.0,2.0,1.0,0
4.0,2024-08-14 4:26:52,"플랫폼에 업로드된 영상을 모두 사전에 분석한 다음 피드에 뜨는 영상을 이에 따라 관리하는 방법도 있을 것 같은데,",Statement,Recommendation,,,,4.0,3.0,4.0,0
4.0,2024-08-14 4:27:02,이와 비교해 실시간 분석이 가지는 장점이 무엇인지 궁금합니다.,Question,Comparison,5.0,5.0,5.0,,,,0
,,말씀하신 바와 같이 사전 분석을 한다면 이미 플랫폼에 올라와 있는 수많은 영상을 검수해야 하기 때문에 시간이 오래 걸릴 것 같다는데 동의합니다.,Statement,Evaluation,,,,6.0,6.0,4.0,1
,,"나아가, AI 필터에 무언가 오류가 발생하여 이것을 업데이트해야 한다면 모든 영상에 대해 처음부터 다시 분석을 해야 하기 때문에 비효율적이겠죠.",Statement,Evaluation,,,,6.0,6.0,4.0,1
,,이처럼 필터에 어떠한 수정 사항이 있을 때 이것을 쉽게 반영할 수 있다는 점을 강조하면 좋을 것 같습니다.,Statement,Recommendation,,,,5.0,5.0,6.0,1
,,이야기를 나눌수록 발전되는 아이디어가 보다 좋은 방향으로 활용될 수 있을 것이라고 느낍니다.,Statement,Evaluation,,,,3.0,4.0,2.0,1
,,"지금의 타겟은 아동 자녀를 둔 부모인데, Safeview가 잘 개발되는 경우 트라우마를 지닌 성인들에게도 도움이 될 수 있을 것처럼 보입니다.",Statement,Evaluation,,,,4.0,4.0,3.0,1
,,이처럼 아이디어의 확장성에 대해서도 고민해보신 바가 있으신가요?,Question,Generate Design,5.0,5.0,5.0,,,,1
,,"필터를 설정하는 등 사전에 부모님이 사용하기 쉽게 디자인하는 것은 물론, 영상 시청 중 Safeview가 잘 작동되고 있는지 확인이 가능하면 더욱 좋은 사용자 경험이 될 것 같습니다.",Statement,Recommendation,,,,6.0,5.0,6.0,1
,,"열심히 설정을 해 두었는데, 과연 이게 제대로 되고 있는 건지 아닌지 알지 못한다면 안절부절못할 것 같다는 생각이 들어요.",Statement,Evaluation,,,,5.0,5.0,4.0,-1
,,이러한 것을 안내해줄 수 있는 UI 요소가 존재한다면 더욱 좋겠습니다.,Statement,Recommendation,,,,5.0,5.0,6.0,1
5.0,2024-08-16 8:20:19,"대중교통 이용 시 발생하는 불편으로 인해 대중교통 이용이 감소하는 문제를 해결하기 위해, 저탄소 교통을 탐으로서 절약한 탄소량 ㅈ어보를 제공하는 솔루션을 디자인하려고 하는 게 맞으실까요?",Question,Low-Level: Verification,5.0,5.0,1.0,0.0,0.0,0.0,0
5.0,2024-08-16 8:21:24,해당 솔루션이 도출되게 된 이유가 궁금합니다.,Question,Deep Reasoning,5.0,6.0,5.0,0.0,0.0,0.0,0
5.0,2024-08-16 8:22:34,"유저가 겪는 문제는 정보의 부족으로 인한 것이 아닌데,",Statement,Evaluation,0.0,0.0,0.0,6.0,5.0,4.0,0
5.0,2024-08-16 8:24:47,그 솔루션이 문제를 해결할 수 있을 거라고 생각하신 근거가 있으실까요?,Question,Deep Reasoning,5.0,6.0,5.0,0.0,0.0,0.0,0
5.0,2024-08-16 8:27:23,"저는 디자인을 진행하기에 앞서 명확한 문제해결 프로세스를 정의하고 넘어가는 것이 방향성을 잘 잡는 데 있어서 중요하다고 생각해서, 해당 부분을 확인하고 싶었어요.",Statement,Recommendation,,,,6.0,6.0,5.0,1
5.0,2024-08-16 8:27:24,"다만 아직 해당 솔루션의 설득력이 다소 부족한 느낌이 있어서, 비슷하게 정보 전달 > 인식 개선 > 행동 변화로 이어지게 된 레퍼런스가 있다면 좋을 것 같아요.",Statement,Recommendation,,,,5.0,5.0,5.0,0
5.0,2024-08-16 8:29:45,"저도 당장 생각나는 적합한 예시는 없는 거 같은데,",Statement,Information,,,,1.0,1.0,1.0,0
5.0,2024-08-16 8:29:47,최근에 다른 프로젝트를 하면서 참고했던 사이트는 규격 외 농산물인 못난이 농산물들을 유통하는 어글리어스라는 플랫폼이에요!,Statement,Information,,,,5.0,4.0,3.0,1
5.0,2024-08-16 8:31:40,"못난이 농산물들이 원래는 못생겼다는 이유로 전부 버려졌었는데,",Statement,Information,,,,4.0,4.0,2.0,1
5.0,2024-08-16 8:34:23,해당 농산물들을 통해서도 멋있는 요리를 할 수 있다는 요리 레시피 콘텐츠들을 함께 제공하면서 인식 개선부터 농산물 소비 유도까지 이끌어 낸 서비스라 참고할 만한 부분이 있을 것 같아요.,Statement,Recommendation,,,,6.0,6.0,6.0,1
5.0,2024-08-16 8:34:25,"유저가 대중교통을 이용하면서 겪는 문제에 대해서는 공감할 만한 문제점을 잘 지적해주신 거 같은데,",Statement,Evaluation,,,,5.0,4.0,3.0,1
5.0,2024-08-16 8:35:56,해당 솔루션이 실제로 효과를 지닐지에 대해서는 추가적으로 검증이 필요할 거 같아요.,Statement,Evaluation,,,,4.0,5.0,4.0,0
5.0,2024-08-16 8:37:15,"관련해서 솔루션 검증을 위한 유저 리서치를 진행해본다든지,",Statement,Recommendation,,,,5.0,5.0,6.0,1
5.0,2024-08-16 8:39:27,같은 문제를 해결할 수 있는 다른 솔루션들은 없을지 충분히 많이 브레인스토밍해보고 각 아이디어를 평가하고 비교해본다든지 해보면 좋을 거 같아요!,Statement,Recommendation,,,,5.0,5.0,6.0,1
,,"사용자의 경험과 당시의 감정, 인식에 대해 묻는 개방형 질문들을 위주로 구성하되,",Statement,Recommendation,,,,6.0,5.0,6.0,1
,,너무 열리지 않고 명확한 목적을 지닌 질문 카테고라이징을 사전에 잘 해두면 좋을 거 같아요.,Statement,Recommendation,,,,6.0,5.0,6.0,1
,,경험상 폐쇄적인 질문들은 큰 인사이트를 주지 못했던 것 같습니다.,Statement,Evaluation,,,,5.0,5.0,5.0,1
,,그건 인터뷰 목적에 따라 달라질 것 같아요.,Statement,Evaluation,,,,2.0,3.0,2.0,0
,,"지금 동건님이 인터뷰를 통해 확인하고 싶은 것이 '유저가 대중교통 이용 시 어떤 어려움을 겪는지 문제를 탐색하는 것'인지, '대중교통 이용 시 발생하는 부정 경험들로 인한 대중교통 이용 기피 문제를 절약한 탄소량 정보 제공을 통해 극복할 수 있을 것인지 검증하는 것'인지 명확히 하면 좋을 것 같습니다.",Statement,Recommendation,,,,5.0,5.0,5.0,0
,,다소 두서없이 설명한 것 같은데 전달이 되었을까요?,Question,Judgmental,3.0,3.0,2.0,,,,0
,,"음... 탄소 절감 효과에 대해 인식을 하고 있었음에도 행동변화까지 이어지지 못한 이유에 대해 원인 가설을 몇 가지 세워보고, 해당",Statement,Recommendation,,,,5.0,4.0,5.0,0
6.0,2024-08-14 6:11:21,아주 중요한 문제 상황을 다루고 있네요.,Statement,Evaluation,,,,2.0,3.0,2.0,1
6.0,2024-08-14 6:14:16,아동 보호를 위한 목적이어도 특히 어떤 문제 상황을 다루고자 하는지에 따라 디자인이 많이 달라질 수 있어요.,Statement,Information,,,,4.0,4.0,3.0,0
6.0,2024-08-14 6:15:39,구체적으로 타겟하고자하는 상황이 있나요?,Question,Low-Level,3.0,4.0,1.0,,,,0
6.0,2024-08-14 6:15:41,가정 내 아동학대 상황에 관심이 있군요.,Statement,Evaluation,,,,3.0,2.0,2.0,0
6.0,2024-08-14 6:17:12,정말 심각한 문제라 대응이 정말 필요한 문제임과 동시에 굉장히 다루기 어려운 문제인데요.,Statement,Evaluation,,,,3.0,3.0,2.0,0
6.0,2024-08-14 6:17:54,가정 내 아동학대의 주요 가해자는 누구인지 조사를 해보았나요?,Question,Low-Level,3.0,4.0,1.0,,,,0
6.0,2024-08-14 6:21:03,"비밀리에 감시하기 위해 웨어러블 기기가 효과적일 수 있는데,",Statement,Evaluation,,,,5.0,4.0,3.0,0
6.0,2024-08-14 6:21:05,항상 착용하고 있는 기기인 경우 일상을 감시하게 되기 때문에 프라이버시 문제 등 심각한 인권 침해 문제와 연결 될 수 있어요.,Statement,Evaluation,,,,6.0,6.0,4.0,-1
6.0,2024-08-14 6:23:02,그렇기 때문에 '비밀리에 감시'하는 것과는 다른 접근 방식이 필요할 것 같아요,Statement,Recommendation,,,,5.0,5.0,5.0,0
6.0,2024-08-14 6:25:43,그리고 동건님 아까 이야기했을 때 가정 내 아동학대의 주요 가해자는 부모나 가족 구성원이라는 점을 얘기했던 거 기억나죠?,Statement,Information,,,,5.0,5.0,3.0,0
6.0,2024-08-14 6:29:50,"아동의 경우 스스로 물품을 구매하기 보다는 부모가 다신 구매하는 경우가 많은데, 이런 웨어러블 기기가 출시되었을 때 아동에게 도달할 수 있으려면 부모를 설득해야할 수 있기 때문에 또 문제가 발생할 수 있어요.",Statement,Evaluation,,,,6.0,6.0,4.0,-1
6.0,2024-08-14 6:29:52,"부모를 설득할 필요 없이 제품을 복지 정책의 일환으로 무료로 나눠주는 상황을 가정해본다면, 예산이 많이 필요해 실현 가능성이 많이 떨어질 거에요.",Statement,Evaluation,,,,6.0,6.0,4.0,-1
6.0,2024-08-14 6:30:49,웨어러블 기기가 아닌 다른 방향으로 생각해보는 건 어떨까요?,Statement,Recommendation,,,,4.0,4.0,5.0,0
6.0,2024-08-14 6:31:27,"추가적으로 고려해야하는 중요한 요소는, 아동 학대 문제가 발생했을 때 주로 어떤 이해관계자가 도움을 줄 수 있는지에요.",Statement,Recommendation,,,,5.0,5.0,5.0,1
6.0,2024-08-14 6:31:43,"동건님이 잘 말씀해주신 것처럼 학교나 복지 기관 관련자가 도움을 줄 수도 있고, 주변에 있는 동네 이웃이나 친구, 같이 살지 않는 친척 등이 도움이 될 수 있겠죠.",Statement,Information,,,,5.0,5.0,0.0,1
,,이런 다양한 이해관계자를 고려하는 것이 중요해요.,Statement,Recommendation,,,,4.0,4.0,4.0,1
,,너무 좋아요!,Statement,Evaluation,,,,1.0,1.0,1.0,1
,,아주 구체적이면서 다양한 방향으로 아이디어를 내봤네요?,Statement,Evaluation,,,,3.0,2.0,1.0,1
,,훌륭한 학생입니다...,Statement,Evaluation,,,,1.0,1.0,1.0,1
,,"말씀해준 통합적인 접근 방식으로 3가지를 모두 실현하면 정말 좋겠지만, 동건님의 프로젝트 듀가 이번 학기 말이기 때문에 셋 중에 한 가지 방향으로 구체화하는 걸 목표로 잡는 게 더 좋겠어요.",Statement,Recommendation,,,,5.0,5.0,5.0,1
,,"첫 번째로 말한 스마트홈 기술을 활용하여 가정 환경을 감시하는 것, 또는 두 번째로 말한 학교와 복지 기관에서 사용할 수 있는 아동 학대 예방 교육 프로그램과 앱을 개발하는 것 중 한 가지로 좁혀봅시다.",Statement,Recommendation,,,,5.0,5.0,5.0,1
,,개인적으로는 두 번째 방향성이 실제로 더 효과가 있을 것 같아서 두 번째 방향성을 추천합니다.,Statement,Recommendation,,,,5.0,5.0,5.0,1
,,"현재 학교 등 기관에서 아동 학대 예방 교육 프로그램을 만들어 사용하고 있는데,",Statement,Information,,,,5.0,4.0,3.0,0
,,기존에 있는 프로그램을 어떻게 활용할 수 있을지를 먼저 살펴봅시다.,Statement,Recommendation,,,,5.0,5.0,6.0,1
7.0,2024-08-12 2:21:21,아이디어 자체는 정말 필요하고 좋은 아이디어 같아요!,Statement,Evaluation,,,,2.0,1.0,1.0,1
7.0,2024-08-12 2:22:30,요즘 이런 문제들이 자주 일어나고 있으니 이에 공감하는 사람이 많을 것이라 생각해요!,Statement,Evaluation,,,,3.0,4.0,2.0,1
7.0,2024-08-12 2:23:29,하지만 우려되는 사항들이 조금 있어요,Statement,Evaluation,,,,2.0,3.0,2.0,-1
7.0,2024-08-12 2:24:46,"일단 이러한 플랫폼을 통해 반려동물을 입양하는 것이 법적으로 강제되는 것이 아니기 때문에 사람들의 입장에서는 다양한 플랫폼 중에 원하는 플랫폼을 선택하여 입양하게 될텐데,",Statement,Evaluation,,,,5.0,5.0,3.0,0
7.0,2024-08-12 2:24:47,그렇게 되면 입양 전 절차가 까다로운 해당 플랫폼은 유저들에게 상당히 불편하지 않을까요?,Question,Deep Reasoning,5.0,5.0,5.0,,,,0
7.0,2024-08-12 2:26:04,좀 더 신중한 입양을 위한 절차니 해당 부분이 사라지면 이 플랫폼의 가치도 사라지는 것 같기는 합니다.,Statement,Evaluation,,,,5.0,6.0,3.0,0
7.0,2024-08-12 2:27:50,따라서 이러한 불편함을 상쇄할 수 있는 이득을 사람들에게 어떻게 줄 수 있을지 생각해보는 것이 좋을 것 같아요!,Statement,Recommendation,,,,4.0,5.0,6.0,1
7.0,2024-08-12 2:27:51,나쁘지는 않은 것 같아요!,Statement,Evaluation,,,,2.0,1.0,1.0,1
7.0,2024-08-12 2:29:11,다만 사람들이 해당 플랫폼을 사용하게 만들기 위해서는 좀 더 충분한 검증이 필요해보이네요!,Statement,Recommendation,,,,4.0,3.0,4.0,0
7.0,2024-08-12 2:31:14,그래도 평소 이러한 문제에 관심을 가지던 사람들에게는 매력적인 재품이 될 것 같아요.,Statement,Evaluation,,,,3.0,2.0,2.0,1
7.0,2024-08-12 2:32:30,그러한 테스트들을 통해서 사람들이 어떻게 하면 앞서 언급한 불편함에도 불구하고 플랫폼을 사용할지 알아내면 좋을 것 같아요!,Statement,Recommendation,,,,5.0,4.0,5.0,1
7.0,2024-08-12 2:33:11,네 그런식으로 반려동물에 관한 다방면의 문제들을 신경쓴다면 브랜드의 이미지적으로도 좋을 것 같네요.,Statement,Evaluation,,,,5.0,4.0,3.0,1
7.0,2024-08-12 2:34:25,"또한 입양 전 평가를 마치 MBTI를 검사하듯이 자신은 어떤 유형의 주인인지, 어떤 종과 잘 어올리는지 등을 알 수 있는 테스트 형식으로 만든다면 사람들이 덜 귀찮아하며 재미있게 검사할 수 있지 않을까요?",Statement,Recommendation,,,,6.0,5.0,6.0,1
7.0,2024-08-12 2:36:11,해당 플랫폼을 운영하기 위해서는 많은 전문가 및 기업의 인력이 필요해보이는데 실현 가능성에 대해서는 얼마나 생각해보았나요?,Question,Deep Reasoning,6.0,7.0,5.0,0.0,0.0,0.0,0
7.0,2024-08-12 2:36:57,또한 매출은 어떻게 만드는 플랫폼인가요?,Question,Low-Level,5.0,6.0,2.0,0.0,0.0,0.0,0
7.0,2024-08-12 2:37:46,프리미엄 서비스는 어떻게 차별화 되나요?,Question,Generate Design,5.0,5.0,4.0,0.0,0.0,0.0,0
7.0,2024-08-12 2:37:47,그렇다면 해당 프리미엄 서비스는 일반적으로 저 모든 서비스를 누리는데 지불해야하는 비용과 비교해보았을때 가격이 훨씬 저렴한 편인가요?,Question,Comparison,5.0,5.0,4.0,0.0,0.0,0.0,0
7.0,2024-08-12 2:40:41,그렇게 저렴하게 제공할 수 있는 이유는 무엇인가요?,Question,Deep Reasoning,5.0,5.0,5.0,0.0,0.0,0.0,0
7.0,2024-08-12 2:40:42,비용 대비 가치를 높일 수 있다는 부분에 대해서도 더 설명해주세요,Question,Deep Reasoning,5.0,5.0,5.0,0.0,0.0,0.0,0
7.0,2024-08-12 2:42:28,그럼 성장 초기에는 유저들이 많이 없을텐데 이러한 시기는 어떻게 넘어가실 예정인가요?,Question,Deep Reasoning,6.0,7.0,5.0,0.0,0.0,0.0,0
7.0,2024-08-12 2:44:17,"저는 마케팅 자체보다는 제품이 우선 완성되어있는지, 리텐션이 잘 나오는지 등을 먼저 체크할 것 같습니다.",Statement,Recommendation,,,,6.0,5.0,5.0,0
7.0,2024-08-12 2:44:19,마케팅은 유저들이 유입되는 속도를 높여주는데 기여하기는 하지만 제품이 충분히 매력적이지 않으면 사람들이 금방 빠져나가거든요.,Statement,Information,,,,5.0,6.0,4.0,0
7.0,2024-08-12 2:44:46,따라서 어느정도 초기에는 마케팅 비용을 최대한 절약하여 지표들을 확인하고 마케팅은 나중에 진행해도 괜찮다고 생각합니다.,Statement,Recommendation,,,,5.0,5.0,5.0,0
7.0,2024-08-12 2:45:01,마케팅 방법은 아까 언급했던 MBTI형식의 테스트를 진행하고 인스타그램 스토리에 게시하는 등의 방법을 활용하면 좋을 것 같아요.,Statement,Recommendation,,,,6.0,5.0,5.0,1
,,이런 유형의 테스트에서는 사람들이 자신이 어떤 유형의 사람인지 확인받고 이를 남에게 보여주고 싶어한다고 생각해요.,Statement,Information,,,,5.0,4.0,3.0,1
,,"보통 반려동물을 키우는 사람, 키우고 싶어하는 사람이라면 자신이 어떤 종의 동물들과 잘 맞는지, 자신의 성격은 어떠한지 등을 어필할 수 있는 내용 + 캐릭터가 있다면 인스타에 더 공유하고 싶게 만들 수 있을 것 같아요.",Statement,Recommendation,,,,5.0,4.0,5.0,1
,,네 맞습니다 그런 부분이 상당히 중요할 것 같아요!,Statement,Evaluation,,,,2.0,2.0,1.0,1
,,또한 테스트 이후에 플랫폼으로 연결되도록 만들면 자연스럽게 사람들이 플랫폼에 관심을 가질 것 같아요.,Statement,Recommendation,,,,5.0,5.0,5.0,1
,,또한 얼마나 좋은 주인인지를 테스트를 통해 점수를 확인할 수 있게 하고 랭킹 제도를 도입하는 것도 괜찮을 것 같아요.,Statement,Recommendation,,,,5.0,5.0,5.0,1
8.0,2024-08-13 4:24:47,"일단 내가 너의 아이디어를 보고 처음 느낀 거는, 강아지가 인간이랑 똑같이 음성으로써만 소통 한다고 생각을 하는 거 같애.",Statement,Evaluation,,,,5.0,4.0,3.0,0
8.0,2024-08-13 4:28:57,"물론 우리도 음성이 아닌 다른 몸짓 같은 거를 혹은 표정으로써도 소통 하지만, 개의 경우는 그 정도가 훨씬 크거든.",Statement,Information,,,,5.0,5.0,0.0,0
8.0,2024-08-13 4:28:59,알다시피 꼬리를 흔들 기도하고 입을 벌리고 헥헥거리기도 하고 혹은 강아지가에서 열을 거리는 그런 행동들도 보인단 말이야.,Statement,Information,,,,5.0,5.0,0.0,0
8.0,2024-08-13 4:30:09,그걸 똑같이 인간에게도 할 거고.,Statement,Information,,,,4.0,4.0,0.0,0
8.0,2024-08-13 4:31:19,그래서 울음 소리 만으로 부족해.,Statement,Evaluation,,,,4.0,4.0,3.0,0
8.0,2024-08-13 4:34:03,"다만 네 아이디어는 확실히 좋아, 그런 행동기제나 소통하는 데 있어 의미를 모르는 사람들이 많을 테니까.",Statement,Evaluation,,,,4.0,4.0,3.0,1
8.0,2024-08-13 4:35:45,"그래서 목줄에다가 음성 센서만 다는 것보다는, 전체적으로 몸짓을 인식을 해서 니가 말한 그런 아이디어를 구현 하는 게 더 좋을 거 같고.",Statement,Recommendation,,,,5.0,5.0,5.0,1
8.0,2024-08-13 4:35:46,"스피커나 앱을 통해 나오는 아이디어는 정말 나쁘지 않아, 필요한 앱일 것 같아.",Statement,Evaluation,,,,4.0,4.0,3.0,1
8.0,2024-08-13 4:37:17,목줄의 카메라를 적용 하면 강아지의 행동이 어디까지 볼 수 있는 거야?,Question,Low-Level,5.0,5.0,1.0,0.0,0.0,0.0,0
8.0,2024-08-13 4:37:39,꼬리도 볼 수 있어?,Question,Low-Level,5.0,5.0,1.0,0.0,0.0,0.0,0
8.0,2024-08-13 4:40:30,꼬리가 비언어적인 것 중에선 제일 큰 걸 차지하는지라.,Statement,Information,0.0,0.0,0.0,5.0,5.0,5.0,0
8.0,2024-08-13 4:40:31,이제 문제가 되는 거는 강아지마다 신체사이즈나 그런 게 다 다를 것 같단 말이야?,Question,Low-Level,5.0,5.0,1.0,0.0,0.0,0.0,0
8.0,2024-08-13 4:43:26,"그리고 질문 하고 싶은게 있는데, 이 앱 혹은 시스템이 24 시간 동안 계속 구동 되게 할 거야.",Question,Low-Level,5.0,5.0,1.0,0.0,0.0,0.0,0
8.0,2024-08-13 4:43:27,아니면 사용자가 근처에 같이 있는 동안 구현되게 할 거야?,Question,Low-Level,5.0,5.0,1.0,0.0,0.0,0.0,0
8.0,2024-08-13 4:45:30,만약 전자라면 그 센서의 배터리 같은 것도 고려를 해야 할 것 같아서.,Statement,Recommendation,0.0,0.0,0.0,6.0,6.0,6.0,0
8.0,2024-08-13 4:45:50,카메라 센서 같은 게 전력을 많이 잡아 먹을 거 아녀.,Statement,Information,0.0,0.0,0.0,5.0,5.0,5.0,0
8.0,2024-08-13 4:45:57,나도 사실 그게 걱정이라서.,Statement,Evaluation,,,,1.0,1.0,1.0,-1
,,일단은 이게 아이디어 초기니까 시제품 상에서는 그렇게 실시간 데이터 수지 24 시간 동안 못 하면 어떻게 할 거다 그런 거는 고민하지 말고 일단 만들어 보는 게 좋을 거 같애.,Statement,Recommendation,,,,5.0,5.0,5.0,1
,,아이디어 자체가 나쁘지는 않다고 보여가지고.,Statement,Evaluation,,,,1.0,1.0,1.0,1
,,"아직 검토를 해 보면서 생각한 게 있는데, 앱에 어떻게 번역된 메시지가 띄울지를 네가 아까 말을 했었잖아?",Statement,Evaluation,,,,4.0,3.0,2.0,0
,,그거도 잠깐 구체적으로 UI UX를 어떻게 디자인 할지를 생각을 해 볼 필요는 있을 것 같아.,Statement,Recommendation,,,,5.0,4.0,5.0,1
,,그게 딱 사람의 말로 다 표현 하기 보다는 중간 중간에 뭐 강아지가 이러이러한 상태입니다 라는 메시지를 경고창처럼 띄워 주거나 하는 것도 좋을 거 같고.,Statement,Recommendation,,,,5.0,4.0,5.0,1
,,그러니까 다 번역된 구어체로 표현은 못 할 거야 아마.,Statement,Evaluation,,,,4.0,3.0,2.0,0
,,그 점을 고려해가지고 앱 인터페이스 자체도 네가 아이디어에 포함을 해놓으면 좋을듯.,Statement,Recommendation,,,,5.0,4.0,5.0,1
,,최대한 심플하게.,Statement,Recommendation,,,,2.0,2.0,3.0,1
,,보통은 앱들이 막 디자인들이 지저분하고 그런 경우가 많거든?,Statement,Information,,,,3.0,3.0,0.0,0
,,"맨 밑에 유저 빨 다섯개 달려있고 아이콘 겁나 혼잡 하고, 메세지는 막 쌓여 있고 막 그런 게 많단 말이야.",Statement,Information,,,,4.0,4.0,0.0,0
,,"그래서 과감하게 뺄 내용은 빼거나, 알림창으로 다 몰아 넣거나 그런 설계가 필요할 거는 같아.",Statement,Recommendation,,,,4.0,4.0,4.0,1
,,일단 앱의 첫 화면에 그 개가 말하고픈 바가 한가운데 떠 있거나 하면 좋을 거 같거든?,Statement,Recommendation,,,,4.0,3.0,4.0,1
,,그런 거 고려해서 너가 아이디어에 포함해봐봐.,Statement,Recommendation,,,,3.0,2.0,3.0,1
,,그 화면에 있는 섹션마다 메세지 하나씩 들어가는 게 중요해.,Statement,Recommendation,,,,6.0,5.0,6.0,1
,,만약 어떤 섹션이 너무 많은 문장이나 아예 다른 범위의 메시지를 포함 한다면 그거는 사용자의 머릿속에 하나도 안 들어올 거야.,Statement,Evaluation,,,,6.0,6.0,5.0,0
,,그리고 만약 어떤 섹션에 들어가는 정보가 글이면 그게 세 행은 넘지 않게 해야지.,Statement,Recommendation,,,,6.0,5.0,6.0,1
9.0,2024-08-13 0:11:38,"현재는 나갈때 학생증을 찍지 않는데,",Statement,Information,,,,5.0,4.0,3.0,0
9.0,2024-08-13 0:13:40,나가면서 학생증을 찍으면서 생기는 학생들의 불편함은 생각해봤어?,Question,Deep Reasoning,5.0,5.0,5.0,,,,0
9.0,2024-08-13 0:14:38,"하루에 세번 꺼지는 지금 시스템을 유지하고,",Statement,Recommendation,,,,5.0,4.0,3.0,0
9.0,2024-08-13 0:16:14,추가로 이 시스템을 넣는건야?,Question,Generate Design,5.0,5.0,4.0,,,,0
9.0,2024-08-13 0:17:19,그럼 혹시 현재 학생들의 출입방법에 대해 찾아본건 있어?,Question,Low-Level,5.0,5.0,1.0,0.0,0.0,0.0,0
9.0,2024-08-13 0:17:47,학생들이 출입방법이 각자 다를거야.,Statement,Information,0.0,0.0,0.0,5.0,5.0,5.0,0
9.0,2024-08-13 0:19:05,"그리고 혹시 2인실인 경우에 모든 사람이 나갔을 경우에 에어컨이 꺼져야 하는데,",Statement,Information,,,,6.0,5.0,4.0,0
9.0,2024-08-13 0:19:06,이걸 역이용해서 한사람의 학생증으로만 출입을 하는 상황은 생각해봤어?,Question,Generate Design,5.0,6.0,5.0,,,,0
9.0,2024-08-13 0:20:11,이처럼 여러 상황을 생각해보면 좋을 것 같은데,Statement,Recommendation,,,,3.0,4.0,5.0,1
9.0,2024-08-13 0:21:08,"센서를 사용하는게 얼마나 효율적인지,",Question,Quantification,5.0,5.0,3.0,0.0,0.0,0.0,0
9.0,2024-08-13 0:21:09,어느정도의 탄소배출을 줄일 수 있는지 설명해줄 수 있어?,Question,Quantification,5.0,5.0,3.0,0.0,0.0,0.0,0
9.0,2024-08-13 0:22:20,그건 너가 찾아봐야지.,Statement,Evaluation,,,,1.0,1.0,1.0,0
9.0,2024-08-13 0:22:59,힌트를 주면 현재 자동문이나 화장실 센서에는 어떤게 사용되는지를 생각해봐,Statement,Recommendation,,,,5.0,5.0,5.0,1
9.0,2024-08-13 0:23:49,"다른 센서들도 많으니까 찾아보면 좋고,",Statement,Recommendation,,,,4.0,3.0,5.0,0
9.0,2024-08-13 0:25:07,관련 센서를 이용한 연구나 실제 사례를 조사하면서 센서를 결정해봐,Statement,Recommendation,,,,5.0,4.0,6.0,0
9.0,2024-08-13 0:25:09,"아까 설명한 것처럼 한명만 나가는 경우와, 한 명의 학생증으로 같이 출입을 하는 방법으로 에어컨을 계속 켜두는 문제가 발생할 수 있어.",Statement,Evaluation,,,,6.0,5.0,4.0,0
9.0,2024-08-13 0:26:09,다른 건 좀 찾아봐야할 것 같아,Statement,Recommendation,,,,2.0,2.0,3.0,0
9.0,2024-08-13 0:26:39,이 프로젝트 진행기간이랑 계획은 세워봤어?,Question,Low-Level,5.0,4.0,1.0,0.0,0.0,0.0,0
9.0,2024-08-13 0:28:36,일단 프로젝트 계획부터 세우자.,Statement,Recommendation,,,,3.0,2.0,4.0,0
9.0,2024-08-13 0:28:40,"계획을 세워야 진행상황을 확인하기 쉽고, 해야할 일을 까먹지 않고 할 수 있어",Statement,Recommendation,,,,4.0,4.0,4.0,1
9.0,2024-08-13 0:29:18,"관련 연구를 찾아보고, 기존 연구들을 바탕으로 시스템을 디자인하면 될 것 같아.",Statement,Recommendation,,,,4.0,3.0,5.0,1
9.0,2024-08-13 0:29:33,이전 논문이나 연구를 찾아보면 답을 찾을 수 있으니까 잘 찾아봐,Statement,Recommendation,,,,3.0,3.0,5.0,1
9.0,2024-08-13 0:29:59,생각해보니 화장실 자동 불꺼짐 센서 등 관련된 내용을 이미 실생활에 많이 사용하고 있는데 이게 과연 혁신적이라고 할 수 있을까?,Question,Generate Design,5.0,6.0,4.0,0.0,0.0,0.0,0
9.0,2024-08-13 0:30:30,이 프로젝트의 혁신성에 대해서 설명해봐,Question,Generate Design,5.0,6.0,4.0,0.0,0.0,0.0,0
9.0,2024-08-13 0:30:31,그건 너가 찾아봐야지,Statement,Recommendation,,,,1.0,1.0,1.0,0
9.0,2024-08-13 0:31:45,좋은 방법이야,Statement,Evaluation,,,,1.0,1.0,1.0,1
9.0,2024-08-13 0:33:22,근데 그거는 마지막에 하면 좋을 것 같아,Statement,Recommendation,,,,3.0,2.0,3.0,0
9.0,2024-08-13 0:33:33,출입 데이터를 관리하는 것과 관련해서 공부해본 경험은 있어?,Question,Low-Level,5.0,5.0,1.0,0.0,0.0,0.0,0
,,데이터 다루는게 쉽지 않을텐데,Statement,Evaluation,0.0,0.0,0.0,5.0,4.0,3.0,0
,,관련해서는 논문이나 연구를 찾아보면 좋을 것 같아.,Statement,Recommendation,,,,3.0,4.0,3.0,1
,,가장쉬운 방법은 사람들의 테이터를 이진수로 정리하는 방법이 있을 것 같네,Statement,Recommendation,,,,4.0,3.0,4.0,1
10.0,2024-08-12 12:12:32,"목표 문제가 사람들이 기다리는 과정과 많은 사람들과 함께 타면서 발생하는 부정적인 경험이 핵심인 것 같은데,",Statement,Evaluation,,,,6.0,5.0,4.0,0
10.0,2024-08-12 12:14:52,아이디어는 부정적인 경험을 개선하기보다는 탄소량에 집중하는 것 같아.,Statement,Evaluation,,,,6.0,5.0,4.0,0
10.0,2024-08-12 12:14:53,그래서 나는 목표 문제와 아이디어가 그렇게 잘 정렬되지 않는다는 인상을 받았어.,Statement,Evaluation,,,,5.0,5.0,3.0,0
10.0,2024-08-12 12:16:57,"아이디어를 목표 문제인 기다리는 과정에서의 귀찮음, 많은 사람들과 이용하는 데서 나오는 불쾌감과 짜증에 좀 더 초점을 맞춰주면 어떨까?",Statement,Recommendation,,,,6.0,5.0,6.0,1
10.0,2024-08-12 12:19:39,"일단 사람들이 왜 혼잡한 저탄소 교통에서 불쾌감을 느끼는지, 그 이유를 정리하면서 같이 생각해보자.",Question,Deep Reasoning,6.0,7.0,5.0,0.0,0.0,0.0,0
10.0,2024-08-12 12:20:49,고려할 점으로 좋은 요소를 많이 제시한 것 같아.,Statement,Evaluation,,,,3.0,3.0,2.0,1
10.0,2024-08-12 12:22:44,"그런데 사람들이 많이 사용하는 날씨 애플리케이션 같은 경우에도 여러 요소를 고려해서 불쾌지수나 미세먼지 수준(좋음, 보통, 나쁨) 같은 식으로 사람들이 대략적인 정도를 바로 알 수 있는 간단한 종합 지표를 제시하곤 하는데,",Statement,Information,,,,4.0,4.0,2.0,1
10.0,2024-08-12 12:25:37,시각화를 한다면 첫 화면에서는 종합 지표로 한눈에 볼 수 있고 어떤 요소라 이 결과에 영향을 줬는지는 더 알아보고 싶은 사람들이 열람할 수 있는 형식이면 어떨까?,Statement,Recommendation,,,,5.0,5.0,5.0,1
10.0,2024-08-12 12:26:48,"맞아, 사용자에게 한 화면에 너무 많은 정보를 담으면 피로감이 심하니까 그런 부분에서 신경쓰면 사용자 경험에도 좋은 영향을 주는 것 같아.",Statement,Recommendation,,,,5.0,5.0,4.0,1
10.0,2024-08-12 12:26:50,"그리고 동건이 네가 처음 제시한 아이디어는 사람들의 불쾌감을 완화하는 것 외에도, 이 서비스를 통해 저탄소 교통을 이용함으로써 사람들이 환경에 기여하는 정도를 시각화 자료로 직접 체감할 수 있도록 해서 사람들이 더 적극적으로 저탄소 교통을 이용할 수 있도록 독려하는 것 같은데",Question,Verification,6.0,7.0,5.0,0.0,0.0,0.0,1
10.0,2024-08-12 12:27:36,내가 이해한 게 적절할까?,Question,Judgmental,6.0,7.0,5.0,0.0,0.0,0.0,1
10.0,2024-08-12 12:28:32,"그 부분에서 사람들이 '내가 저탄소 교통을 이용하는 게 이런 도움이 되는구나'라는 게 더 체감이 되려면, 단순 탄소량 수치보다는 1인당 발생 탄소량이 내가 저탄소 교통을 이용해서 줄인 만큼 감소했을 때 사람들의 일상에 미치는 변화로 비유하면 더 체감하기 좋을 것 같아.",Statement,Recommendation,,,,6.0,6.0,5.0,1
10.0,2024-08-12 12:29:40,"연평균 기온에 기여할 수 있는 정도라던지, 여름 열대야 기간이 감소하는 정도라던지, 태풍이 줄어드는 정도, 모기 수 같은 것 말이야.",Statement,Recommendation,,,,6.0,5.0,5.0,1
10.0,2024-08-12 12:30:15,너는 어떻게 생각해?,Question,Judgmental,5.0,5.0,4.0,,,,0
10.0,2024-08-12 12:32:09,"일단 내가 당장 생각한 예시는 앞에서 언급한 연평균 기온, 열대야 기간 변화, 태풍 같은 게 있는데,",Statement,Information,,,,6.0,5.0,4.0,1
10.0,2024-08-12 12:32:39,동건이 너는 혹시 떠오르는 예시가 있어?,Question,Generate Design,6.0,6.0,5.0,0.0,0.0,0.0,1
10.0,2024-08-12 12:34:06,다양한 후보를 만들고 점차 좁혀나가면 더 좋은 지표를 만들 수 있을 것 같아서!,Statement,Recommendation,,,,5.0,5.0,5.0,1
10.0,2024-08-12 12:34:07,사용자에게 적합한 결과물을 만들기 위해서는 일단 목표 사용자층에 대해 알아보는 게 도움이 될거야.,Statement,Recommendation,,,,5.0,5.0,5.0,1
10.0,2024-08-12 12:34:39,혹시 네가 생각해둔 목표 사용자층이 있어?,Question,Low-Level,5.0,5.0,1.0,,,,1
10.0,2024-08-12 12:34:43,"목표 사용자층을 그렇게 설정한 이유가 궁금한데, 좀 더 자세히 설명해줄래?",Question,Deep Reasoning,6.0,6.0,5.0,0.0,0.0,0.0,0
,,그럼 환경 보호에 관심이 많고 일상 생활을 효율적으로 관리하려는 경향이 있다는 특징은 어떻게 정하게 된거야?,Question,Deep Reasoning,6.0,7.0,5.0,0.0,0.0,0.0,0
,,"그렇구나, 그럼 탄소 절약과 개인의 효율성이 연결되는 지표가 있는지 앞에서 이야기했던 후보 중에서 살펴보자.",Statement,Recommendation,,,,5.0,4.0,5.0,1
,,나는 '저탄소 교통으로 몇 주 분의 전기를 절약한 효과'나 '자동차 배출가스로 인한 질병 발생 확률 감소'가 연결점이 있는 것 같아.,Statement,Evaluation,,,,5.0,4.0,0.0,1
,,"특히 이를 통해 절감한 전기 사용료라던지, 잠재적 의료비 같은 걸로 보여주면 효율성과 연결짓지 좋지 않을까?",Statement,Recommendation,,,,5.0,4.0,5.0,1
,,"내 생각에는 대략적인 방향성은 정한 것 같은데,",Statement,Evaluation,,,,3.0,2.0,1.0,0
,,이제 이 서비스의 실현 가능성을 높이기 위해 어떻게 지표를 모을 것인가에 대한 계획을 세우면 좋을 것 같아.,Statement,Recommendation,,,,4.0,3.0,5.0,1
,,이 서비스에서 이용하는 지표인 혼잡지수나 효율성 수치를 제공하기 위해 필요한 데이터는 무엇이 있을까?,Question,Low-Level,3.0,4.0,1.0,,,,0
,,그걸 정하고 나면 그 데이터를 어떻게 가공할지 고민해보자.,Statement,Recommendation,,,,3.0,2.0,4.0,1
11.0,2024-08-12 8:19:09,자식에게 유익하고 건강한 컨텐츠만을 제공해주고 싶은 부모님들의 수요를 잘 파악하신 것 같습니다.,Statement,Evaluation,,,,5.0,5.0,4.0,1
11.0,2024-08-12 8:21:29,필터링 익스텐션이 수요가 있다는게 충분한 설득력을 갖고 있군요,Statement,Evaluation,,,,4.0,5.0,4.0,1
11.0,2024-08-12 8:23:06,"다만 타겟으로 잡고 있는 스트리밍 서비스들 중 가장 큰 유튜브와 넷플릭스 등에는 이미 키즈모드라는, 동건 학생이 말한 기능들을 수행해주고 있는 서비스들이 제공되고 있습니다.",Statement,Information,,,,6.0,6.0,3.0,0
11.0,2024-08-12 8:23:57,동건 학생이 제안하는 서비스가 갖는 차별점은 뭐라고 생각하시나요?,Question,Comparison,6.0,7.0,5.0,,,,0
11.0,2024-08-12 8:25:18,그 추가설정을 좀 더 자세히 말씀해주실 수 있으실까요?,Question,Low-Level,5.0,5.0,1.0,0.0,0.0,0.0,0
11.0,2024-08-12 8:25:19,개인화 알고리즘을 곁들여 컨텐츠를 선택하는 방법을 좀 더 개인화할 수 있다는 점이 핵심이겠네요.,Statement,Evaluation,,,,5.0,4.0,3.0,1
11.0,2024-08-12 8:28:13,아이들이 본격적으로 폭력적이거나 선정적인 컨텐츠들에 노출되는 시기를 찾고 거기서 일어나는 변화들을 분석하는게 어떨까 싶습니다.,Statement,Recommendation,,,,5.0,4.0,5.0,0
11.0,2024-08-12 8:33:50,"강력하고 일관된 방침으로 컨텐츠들을 거르는 키즈모드와 같은 필터에서 벗어난 아이들의 연령대와 그 아이들이 어떤 컨텐츠를 소비하는지, 연령대 전반적인 컨텐츠 트렌드를 연구하는 것도 하나의 방법같아 보이네요.",Statement,Recommendation,,,,5.0,4.0,5.0,0
11.0,2024-08-12 8:33:51,"제 개인적인 의견을 하나 말씀드리자면, 컨텐츠를 주체적으로 소비하기 시작하는 아이들의 연령대가 점차 앞당겨지고 있는 추세라는걸 알고 계실겁니다.",Statement,Information,,,,5.0,4.0,3.0,0
11.0,2024-08-12 8:35:05,"그에 따라 부모의 알고리즘 통제가 함께 바뀌어야 하는데, 부모의 입장에서도 유연한 통제는 쉽지 않을 것이고, 또래와의 소통이 늘어나면서 부모의 통제에 대한 반발심도 중요한 요소라고 생각합니다.",Statement,Evaluation,,,,5.0,5.0,4.0,0
11.0,2024-08-12 8:36:05,이를 함께 신경써주시면 좋을 거 같습니다,Statement,Recommendation,,,,4.0,4.0,5.0,1
11.0,2024-08-12 8:37:37,"부모는 다른 부모들에게서 의견을 묻고, 아이들은 또래들과 자신이 소비하는 컨텐츠를 공유합니다.",Statement,Information,,,,4.0,3.0,2.0,0
11.0,2024-08-12 8:38:13,소셜라이징 차원에서 할 수 있는 것들이 많아보이는데 어떻게 생각하세요?,Question,Generate Design,5.0,5.0,4.0,,,,0
11.0,2024-08-12 8:38:14,다른 부분에서 궁금하신 점 있으신가요,Question,Low-Level,3.0,2.0,1.0,0.0,0.0,0.0,0
11.0,2024-08-12 8:41:31,아쉽게도 선생님이 AI에 대해서 깊게 얘기해줄 수 있는건 동건 학생보다도 적을 수 있어요.,Statement,Information,,,,5.0,5.0,1.0,0
11.0,2024-08-12 8:41:35,관련 분야에 대한 질문이 있으시다면 이걸 잘 알고 있는 다른 선생님께 부탁드려볼게요.,Statement,Recommendation,,,,5.0,5.0,5.0,1
11.0,2024-08-12 8:41:59,괜찮을까요?,Question,Verification,5.0,5.0,3.0,,,,0
11.0,2024-08-12 8:43:23,마지막으로 하고싶으신 말씀 있나요?,Question,Low-Level,3.0,2.0,1.0,0.0,0.0,0.0,0
,,"자녀가 소비하는 컨텐츠를 어떻게 생각하는지는 부모마다 다를테고,",Statement,Information,,,,5.0,4.0,3.0,0
,,선생님 개인적으로는 어떤 설문도 그 트렌드를 잘 반영하진 못한다고 생각해요.,Statement,Evaluation,,,,4.0,4.0,2.0,-1
,,"가장 안전한 방법은 연령별로 소비해야 하는 컨텐츠에 대해 가이드라인을 국가에서 세워둔게 있을 테고, 의료기관에서 세운 게 있을 겁니다.",Statement,Information,,,,5.0,5.0,3.0,0
,,"최대한 많은, 신뢰도 있는 통계자료를 취합해 최대한 많은 사람들에게 설득력있는 기준을 세우는게 좋아보여요",Statement,Recommendation,,,,5.0,5.0,5.0,1
12.0,2024-08-13 12:11:57,"안녕 동건아, 너가 말해준 아이디어는 아동보호 서비스 기능을 제공하는 웨어러블 기기인것 같아.",Statement,Evaluation,,,,3.0,2.0,2.0,1
12.0,2024-08-13 12:13:38,혹시 이게 일반 시중에 팔리고 있는 웨어러블 기기와의 차별 점이 어떤것이라고 생각해?,Question,Comparison,5.0,5.0,4.0,,,,0
12.0,2024-08-13 12:16:21,"그런데 애플워치나 갤럭시 워치 같은 웨어러블 기기에는 이미 너가 말한 기능들이 존재하는걸로 알고 있어,",Statement,Evaluation,,,,6.0,5.0,3.0,0
12.0,2024-08-13 12:18:14,그렇다면 너의 아이디어는 같은 기능들을 조금더 아이들의 시각에서 흥미롭게 느껴지도록 만들면 좋을것 같다는 생각이들어.,Statement,Recommendation,,,,5.0,4.0,5.0,1
12.0,2024-08-13 12:18:15,예를 들어 아이들이 좋아할 만한 커스텀이 가능한 디자인이라던지 등의 아이디어가 더 추가되면 좋을것 같아,Statement,Recommendation,,,,6.0,5.0,6.0,1
12.0,2024-08-13 12:20:13,"좋아, 다만 너가 원래 해결하고자 했던 아동의 안전 문제도 중요하게 생각해야 할거야.",Statement,Evaluation,,,,5.0,6.0,4.0,1
12.0,2024-08-13 12:20:40,너무 엔터테인먼트 적인 요소에 치중하면 본질이 흐려질 수 도 있을거라 생각해.,Statement,Recommendation,,,,5.0,6.0,5.0,0
12.0,2024-08-13 12:25:30,"그런 방법들에는 지금 시중에 있는 제품들 처럼 웨어러블 디바이스의 스트랩을 소재 및 디자인을 다양하게 해서 선택할 수 있게 하던가,",Statement,Recommendation,,,,6.0,5.0,6.0,1
12.0,2024-08-13 12:25:32,"캐릭터를 집어넣을 수도 있을 것 같고,",Statement,Recommendation,,,,4.0,4.0,5.0,1
12.0,2024-08-13 12:29:02,다만 웨어러블 디바이스에서 성인처럼 사용하기 힘든 어린이들을 위해 더 단순하고 명료한 UI 구성 및 물리 버튼을 디자인해보는 방법들이 있을 것 같아,Statement,Recommendation,,,,6.0,6.0,6.0,1
12.0,2024-08-13 12:29:04,아이디어를 더 구체화하기 전에 target problem을 더 상세하게 적어보는건 어떨까?,Question,Generate Design,6.0,7.0,5.0,0.0,0.0,0.0,0
12.0,2024-08-13 12:30:12,"디자인에서 의사결정 과정에서 문제정의는 중요하거든, 여러개의 아이디어들 중에서 어떤 것을 선택하고 어떤것은 선택하지 않을지 고르는데 있어서 중요해.",Statement,Information,0.0,0.0,0.0,6.0,7.0,5.0,0
12.0,2024-08-13 12:31:18,그래서 나는 너가 적어준 것중 '기존의 웨어러블 기기들은 아동을 특별히 대상으로 한 기능이 부족하며' 라는 부분을 조금더 이유와 함께 적어보면 좋을것 같아,Statement,Recommendation,0.0,0.0,0.0,7.0,6.0,7.0,1
12.0,2024-08-13 12:35:16,우선 생각나는건 어떤 단어와 문장을 사용하는지야.,Statement,Recommendation,,,,5.0,4.0,5.0,1
12.0,2024-08-13 12:37:07,아이들은 성인들에 비해 어휘능력이 떨어지기 때문에 모든 표현들을 단순하고 명료하게 적어야해.,Statement,Recommendation,,,,6.0,6.0,6.0,1
12.0,2024-08-13 12:37:52,"두번째는 단순한 동작 방식이야, 횡 스크롤, 종 스크롤, 클릭 등 여러 액션을 사용하다 보면 아동들은 사용하는데 익숙해지기 어려워질 수도 있어.",Statement,Recommendation,,,,6.0,6.0,6.0,1
,,"마지막으로 생상이야, 강조하고 싶은 부분, 자주 사용하는 부분 등에 사용할 하이라이트 컬러들이 잘 구분되게 설정해야 할수도 있을것 같아",Statement,Recommendation,,,,5.0,5.0,5.0,1
,,너가 제공하려는 기능들을 정리해서 먼저 알려줘,Question,Low-Level,5.0,5.0,1.0,0.0,0.0,0.0,0
,,"그 종류와 성격, 그리고 개수에 따라 달라질 것 같아",Statement,Evaluation,0.0,0.0,0.0,5.0,5.0,5.0,0
,,GPS 추적과 마이크는 어떤 기능을 의미하는 거야?,Question,Definition,5.0,5.0,3.0,0.0,0.0,0.0,0
,,너가 생각해본 사용 예시와 함께 이야기해주면 좋을것 같아,Question,Example,5.0,5.0,3.0,0.0,0.0,0.0,0
,,"그럼 너가 말해준 기능들 중에 GPS 추적과 같이 항상 켜져있어야 하는건 화면에 항상 띄워주면 좋을 것 같고,",Statement,Recommendation,,,,6.0,5.0,6.0,1
,,응급 호출 버튼과 같이 모니터링 하는것이 아닌 것들은 바로 접근하지 않게 디자인 하면 좋을것 같아.,Statement,Recommendation,,,,6.0,5.0,6.0,1
,,특히나 응급 호출 버튼은 잘못 눌렀을때의 경우를 배제하기 위해 항상 화면에 띄우지 않으면 좋을것 같아,Statement,Recommendation,,,,6.0,5.0,6.0,1
13.0,2024-08-14 12:34:04,일상에서 이루어지는 행위를 이용해서 탄소배출을 줄이는 아이디어는 매우 좋구나!,Statement,Evaluation,,,,3.0,4.0,2.0,1
13.0,2024-08-14 12:40:56,그런데 조금 생각해보아야할 부분이 있어 보이는데 같이 얘기해보자.,Statement,Evaluation,,,,2.0,3.0,3.0,0
13.0,2024-08-14 12:42:31,우선 카드를 통해 학생을 인지하고 그 학생이 들어있는 방의 불과 에어컨을 연결해서 제어를 하기 위해서는 새로운 시스템을 도입해야할 것 같은데 이 부분이 현실적으로 가능할까?,Question,Generate Design,5.0,5.0,4.0,,,,0
13.0,2024-08-14 12:44:24,어떻게 생각해본 것이 있니?,Question,Generate Design,5.0,5.0,4.0,,,,0
13.0,2024-08-14 12:44:28,학생증 시스템이 어떻게 작동하는 것인지 먼저 알아야할 것 같은데,Statement,Evaluation,,,,5.0,5.0,4.0,0
13.0,2024-08-14 12:47:15,어떻게 작동하는 것인지 알고 있니?,Question,Low-Level,4.0,4.0,1.0,,,,0
13.0,2024-08-14 12:49:09,생각보다 사생활 보호가 안돼있는 시스템이네.,Statement,Evaluation,,,,5.0,4.0,3.0,-1
13.0,2024-08-14 12:53:02,그러면 이 개인정보에 기숙사 호수의 데이터를 추가하면 어쨌든 기숙사 호실의 데이터와는 연결할 수 있겠구나.,Statement,Information,,,,4.0,4.0,3.0,0
13.0,2024-08-14 12:54:30,그렇다면 반대로 에어컨과 불을 관리하는 것은 어떻게 이루어지는 것인지 알고 있니?,Question,Low-Level,4.0,5.0,2.0,,,,0
13.0,2024-08-14 12:54:32,"글쎄, 나는 중앙제어 시스템을 개인 데이터와 연결하고 조작할 수 있는 기술이나 경험이 없어서 이 부분에 대해서 기술적인 피드백을 해줄 수는 없어.",Statement,Information,,,,5.0,4.0,1.0,0
13.0,2024-08-14 12:58:59,"하지만 기숙사에서 개별 방의 온도를 각각 확인할 수 있다는 사실은 알고 있어서, 어쩌면 개별제어가 가능할 수 있을 것 같은데 이 기술적인 부분은 따로 확인하고 찾아봐야할 것 같아.",Statement,Recommendation,,,,5.0,5.0,5.0,1
13.0,2024-08-14 12:59:29,아이디어 면에서는 좋은데 다만 개인 정보가 실시간으로 학교에서 관리되어진다는 느낌이 들 것 같아서 학생들의 반발을 얻을 것 같다는 우려가 생겨.,Statement,Evaluation,,,,6.0,6.0,5.0,-1
13.0,2024-08-14 12:59:52,나도 기숙사 사는데 기숙사가 내 출입 상태에 따라 방의 상태를 제어한다고 생각하면 조금 부담스러울 것 같거든.,Statement,Evaluation,,,,5.0,5.0,4.0,-1
,,이런 경우에는 어떻게 설득할 수 있을까?,Question,Generate Design,6.0,6.0,5.0,,,,0
,,혹시 카드 출입증을 통한 제어 말고 다른 방법이 있을 수 있지 않을까?,Question,Generate Design,5.0,5.0,5.0,0.0,0.0,0.0,0
,,출입증을 활용하는 주 목적이 그 학생이 방에 있는지 없는지를 확인하는 용도라면 개인정보 없이 방에 사람이 있는지 없는지의 유무만 확인하고 제어를 할 수 있도록 하는 방법도 있잖아.,Statement,Recommendation,0.0,0.0,0.0,5.0,5.0,5.0,0
,,이런 방법을 사용한다면 이 아이디어의 핵심이 흔들릴까?,Question,Generate Design,5.0,5.0,5.0,0.0,0.0,0.0,0
,,어느 정도 큰 부분은 이야기가 된 것 같은데 더 짚어야할 부분이 있을까?,Question,Generate Design,5.0,5.0,4.0,0.0,0.0,0.0,0
,,더 피드백 해봐야하는 부분이 있을까?,Question,Generate Design,5.0,5.0,4.0,0.0,0.0,0.0,0
,,기숙사같은 경우에는 학교과 관리하는 기관이기도 하지만 학생들이 살고 있는 집의 역할도 하기 때문에 매우 민감한 부분이 될 것 같아.,Statement,Evaluation,,,,6.0,5.0,4.0,0
,,최소한의 관리권한은 어디까지 있는 것일까를 한 번 생각해봐야할 것 같아.,Question,Deep Reasoning,5.0,6.0,5.0,0.0,0.0,0.0,0
,,탄소 배출을 줄이는 것도 중하지만 학교가 강제로 시스템을 통해 관리하는 것이 아닌 학생들의 자발적인 참여를 유도하는 것도 방법이 될 수 있지 않을까?,Question,Generate Design,5.0,6.0,5.0,0.0,0.0,0.0,0
14.0,2024-08-13 8:42:55,문제 상황에 대해 구체적으로 접근해서 해결하려는 건 좋아.,Statement,Evaluation,,,,6.0,5.0,4.0,1
14.0,2024-08-13 8:45:02,그런데 이게 실제로 어떻게 구체화될지 잘 그려지지 않아.,Statement,Evaluation,,,,4.0,4.0,3.0,-1
14.0,2024-08-13 8:46:25,이런 부분에서 유저 시나리오를 잘 생각해봤어?,Question,Generate Design,5.0,6.0,5.0,,,,0
14.0,2024-08-13 8:46:26,"디자인적으로 생각해볼만한 문제이긴 한데,",Statement,Evaluation,,,,2.0,2.0,1.0,0
14.0,2024-08-13 8:48:06,너의 해결 방식은 정말 단순하게 해결에 초점을 맞춘 것 같아.,Statement,Evaluation,,,,3.0,3.0,2.0,-1
14.0,2024-08-13 8:48:43,이 시스템을 개인이 도입한다는게 가능할까?,Question,Generate Design,4.0,5.0,4.0,,,,0
14.0,2024-08-13 8:50:23,어떻게 생각해?,Question,Judgmental,3.0,3.0,2.0,,,,0
14.0,2024-08-13 8:52:17,동물 보호 단체와 협력하는 건 좋아.,Statement,Evaluation,,,,2.0,1.0,1.0,1
14.0,2024-08-13 8:53:52,"그런데 보통 동물 보호 단체는 경제적인 이득보다는 개인적인 비용을 들여 하는 경우가 많은데,",Statement,Information,,,,3.0,3.0,1.0,0
14.0,2024-08-13 8:53:54,너의 아이디어는 수익성이 목적이 아니야?,Question,Low-Level,3.0,3.0,1.0,,,,0
14.0,2024-08-13 8:55:08,너의 생각에는 수익성이 없는 디자인이 실현이 가능하다고 생각해?,Question,Deep Reasoning,5.0,5.0,5.0,0.0,0.0,0.0,0
14.0,2024-08-13 8:55:51,좋은 접근이야.,Statement,Evaluation,,,,2.0,1.0,1.0,1
14.0,2024-08-13 8:56:38,어떻게 수익성과 연계할지 생각해볼까?,Question,Generate Design,5.0,5.0,5.0,,,,0
14.0,2024-08-13 8:56:39,결국 우리의 문제를 명확히 정의해볼까?,Question,Generate Design,5.0,5.0,5.0,,,,0
14.0,2024-08-13 8:58:00,결국 문제는 반려동물 입양한 사람들이 책임감과 능력 부족이 있다는 것 아닐까?,Question,Generate Design,5.0,5.0,5.0,,,,0
14.0,2024-08-13 8:58:42,"이런 시스템도 좋지만, 내 생각에는 사용자들이 실제로 반려동물을 키우는 것과 유사한 상황을 경험해보게 하는 접근은 어때?",Question,Generate Design,6.0,7.0,5.0,0.0,0.0,0.0,1
14.0,2024-08-13 8:59:36,결국에 책임감 있는지 스스로 돌아보고 입양을 하게 된다면 문제해결이 되는 것 아닐까?,Question,Generate Design,6.0,7.0,5.0,0.0,0.0,0.0,1
14.0,2024-08-13 9:04:04,어떻게 생각해?,Question,Judgmental,6.0,5.0,3.0,0.0,0.0,0.0,0
14.0,2024-08-13 9:04:36,좋은 질문이야.,Statement,Evaluation,,,,1.0,1.0,1.0,1
14.0,2024-08-13 9:04:37,"나는 반려동물은 아니지만 작은 게임기에서 계속해서 내 캐릭터를 키우고 유지하기 위해 시간과 노력을 들이는 경험에서 행복도 얻고, 이게 실제 생물이라고 생각하면서 더 책임감을 느낀 적이 있어",Statement,Information,,,,7.0,7.0,1.0,1
14.0,2024-08-13 9:06:06,좋은 접근이야.,Statement,Evaluation,,,,2.0,1.0,1.0,1
14.0,2024-08-13 9:07:23,어떤 식의 경험이 좋을까?,Question,Generate Design,5.0,5.0,5.0,,,,1
14.0,2024-08-13 9:08:04,아이디어를 내봐,Question,Generate Design,4.0,4.0,3.0,,,,1
,,"게임에서는 키우던 동물이 죽거나 다쳐도 크게 다가오지 않을 수 있는데,",Statement,Evaluation,,,,5.0,4.0,3.0,0
,,어떤 식으로 유저가 몰입하게 해야할까?,Question,Generate Design,5.0,5.0,5.0,,,,0
,,단순한 푸시 알림보다는 더 좋은 자극이 필요할 것 같아.,Statement,Evaluation,,,,5.0,4.0,3.0,0
,,"추가적으로 실제로 반려동물을 키우다 보면 내가 다른 걸 하고 싶은 시간에 원하는 것을 못하고 시간적, 경제적 비용을 할애해야 하는 경우가 많은데, 이런 제약은 어떻게 줘야할까?",Question,Generate Design,6.0,7.0,5.0,,,,0
,,그렇다면 가상통화는 어떻게 벌지?,Question,Generate Design,5.0,5.0,3.0,0.0,0.0,0.0,0
,,그런데 실제로는 동물을 키운다고 해서 돈을 받지는 않잖아.,Statement,Evaluation,,,,5.0,5.0,4.0,0
,,게임 상에서 그러면 동물을 키워서 돈을 벌어서 그걸 동물한테 쓰는거야?,Question,Deep Reasoning,5.0,5.0,4.0,,,,0
,,현실과 괴리가 있지 않을까?,Question,Deep Reasoning,5.0,5.0,4.0,,,,0
,,좋은 것 같아.,Statement,Evaluation,,,,1.0,1.0,1.0,1
,,그렇다면 초기 자금을 동물을 잘 키우면 잘 관리할 수 있는건가?,Question,Generate Design,5.0,5.0,3.0,,,,0
,,점점 주제에서 멀어지는것 같네.,Statement,Evaluation,,,,3.0,3.0,2.0,-1
,,이런것 보다는 동물을 잘 키우지 못했을때 유저의 다른 경험에 제약이 가는 식은 어때?,Question,Generate Design,5.0,5.0,4.0,,,,0
,,인스타 사용시간 조절 어플 처럼,Statement,Information,,,,4.0,3.0,2.0,0
,,다른 어플 사용에 제한을 두는 건 좋은 것 같아.,Statement,Evaluation,,,,5.0,4.0,5.0,1
,,감정적 몰입 같은 경우에 나는 캐릭터가 2d 애니메이션 캐릭터에 사람들이 애정을 갖는 것처럼 실제로 몰입하게 되는 경험이 도움이 되지 않을까 생각해,Statement,Recommendation,,,,5.0,4.0,5.0,1
15.0,2024-08-16 6:36:19,내가 부모라면 아이들이 걱정되어서 해당 서비스를 써볼 것 같아!,Statement,Evaluation,,,,3.0,4.0,2.0,1
15.0,2024-08-16 6:37:29,충분히 니즈가 있는 서비스인 것 같아,Statement,Evaluation,,,,2.0,3.0,2.0,1
15.0,2024-08-16 6:38:31,그런데 아이들이 보기에 적절한 콘텐츠는 어떤 기준으로 선정할거야?,Question,Low-Level,5.0,5.0,1.0,0.0,0.0,0.0,0
15.0,2024-08-16 6:39:26,기존에 비슷한 서비스는 없었어?,Question,Low-Level,5.0,5.0,1.0,0.0,0.0,0.0,0
15.0,2024-08-16 6:40:03,있었다면 너의 서비스는 어떤 차별점을 가지고 있어?,Question,Generate Design,5.0,5.0,5.0,0.0,0.0,0.0,0
15.0,2024-08-16 6:41:12,부모님의 커스터마이징 기능은 어떻게 작용하는거야?,Question,Low-Level,5.0,5.0,1.0,0.0,0.0,0.0,0
15.0,2024-08-16 6:41:13,그런데 실시간 필터링이라고 했잖아.,Statement,Evaluation,,,,4.0,3.0,2.0,0
15.0,2024-08-16 6:42:38,"그러면 제공하는 동영상들을 제한하는 것이 아니라, 실시간으로 알고리즘으로 추천되는 동영상들을 제공하되 그것을 필터링한다는 것으로 이해했는데 그게 맞을까?",Question,Verification,5.0,5.0,4.0,,,,0
15.0,2024-08-16 6:43:35,일단 필터링의 정확도를 어떻게 높일수 있는지 생각하는게 좋을 것 같아.,Statement,Recommendation,,,,5.0,4.0,6.0,0
15.0,2024-08-16 6:44:16,아무래도 부적절한 동영상을 완벽하게 거르는 게 어려울 것 같아서.,Statement,Evaluation,,,,4.0,5.0,3.0,-1
15.0,2024-08-16 6:45:13,유튜브나 넷플릭스 자체에서 이런 기능이나 부적절 동영상에 대한 판단 기준이 있지 않아?,Question,Low-Level,4.0,5.0,2.0,,,,0
15.0,2024-08-16 6:46:13,나는 부모님이 필터링 기준을 커스터마이징할 수 있는 부분도 너의 서비스만의 차별점으로 중요할 것 같다는 생각이 들었어.,Statement,Evaluation,,,,6.0,5.0,4.0,1
15.0,2024-08-16 6:47:25,그렇다면 커스터마이징 기능에 대해 더 구체적으로 고안해봐도 좋을 것 같아,Statement,Recommendation,,,,5.0,4.0,5.0,1
15.0,2024-08-16 6:47:27,"응응 부모님의 입장에서 아이의 콘텐츠 시청에서 어떤 점이 걱정되는지 인터뷰를 통해 알아본다면,",Statement,Recommendation,,,,5.0,5.0,5.0,1
15.0,2024-08-16 6:48:09,너의 솔루션이 구체화되는데 도움이 되지 않을까?,Question,Generate Design,5.0,5.0,5.0,,,,1
15.0,2024-08-16 6:48:28,"요즘 아이들은 어떻게 유튜브나 넷플릭스를 시청하는지 모르겠지만,",Statement,Information,,,,3.0,2.0,1.0,0
15.0,2024-08-16 6:49:13,혼자 보는 경우도 있지만 친구들이랑 같이 보는 경우도 있으려나?,Question,Scenario Creation,4.0,5.0,4.0,,,,0
15.0,2024-08-16 6:49:14,"응응 부모님이 집에서 관리한다고 하더라도 친구들이랑 같이 부적절한 동영상을 보면, 의도했던 바가 다 없어지는 거니까",Statement,Evaluation,,,,6.0,6.0,4.0,0
15.0,2024-08-16 6:50:08,그런 경우들도 같이 고려하면 좋을 것 같아.,Statement,Recommendation,,,,5.0,5.0,6.0,1
15.0,2024-08-16 6:50:40,이런 부분들을 구체적으로 유저 인터뷰때 물어보면 좋을 것 같아!,Statement,Recommendation,,,,5.0,4.0,5.0,1
15.0,2024-08-16 6:51:24,응응 좋은 생각이야!,Statement,Evaluation,,,,1.0,1.0,1.0,1
15.0,2024-08-16 6:52:50,"그리구 동영상의 적절함도 중요하지만, 동영상을 많이 보면 문제가 되는 것도 중요한 것 같아",Statement,Evaluation,,,,5.0,4.0,3.0,0
15.0,2024-08-16 6:53:43,그런 부분까지 같이 관리해준다면 어떨까?,Statement,Recommendation,,,,4.0,4.0,5.0,1
15.0,2024-08-16 6:54:11,시간이 차단되었을 때 아이의 입장에서 동영상을 더 보지 못한 아쉬움이 가중되지 않도록 하는 게 중요할 것 같다는 생각이 들어.,Statement,Recommendation,,,,5.0,4.0,3.0,0
15.0,2024-08-16 6:54:13,응응 그럴 수 있다면 아이 입장에서도 재밌고 건강한 영상 시청을 할 수 있을 것 같아,Statement,Evaluation,,,,4.0,3.0,2.0,1
15.0,2024-08-16 6:55:12,그런데 왜 7세 이하 아동으로 타겟을 한정했는지가 궁금해,Question,Deep Reasoning,5.0,5.0,5.0,0.0,0.0,0.0,0
15.0,2024-08-16 6:55:51,아동이 이런 필터링을 어떻게 받아들일지가 나이에 따라 달라질 것 같다는 생각이 들어,Statement,Evaluation,,,,5.0,4.0,3.0,0
15.0,2024-08-16 6:57:15,응응 그것도 함께 알아본다면 더 실현가능한 서비스가 될 것 같아!!,Statement,Recommendation,,,,4.0,3.0,4.0,1
15.0,2024-08-16 6:57:27,관련 자료를 찾아본 적이 있어?,Question,Low-Level,5.0,5.0,1.0,0.0,0.0,0.0,0
,,관련 논문이나 리서치 자료가 있지 않을까?,Question,Low-Level,5.0,5.0,1.0,0.0,0.0,0.0,0
,,먼저 데스크 리서치부터 시작해보고 해결안되고 궁금한 지점을 찾아서 다른 방법으로 진행해보자!,Statement,Recommendation,0.0,0.0,0.0,6.0,5.0,6.0,1
,,"응응 지금 되게 많은 포인트를 한꺼번에 고려하고 있는데,",Statement,Evaluation,,,,4.0,3.0,2.0,0
,,"그중 가장 중요한 포인트가 무엇인지도,",Question,Deep Reasoning,5.0,5.0,5.0,0.0,0.0,0.0,0
,,리서치를 진행하면서 같이 고려하면 좋을것같아,Statement,Recommendation,,,,3.0,4.0,3.0,1
16.0,2024-08-15 6:08:47,Supervised learningd이 뭐야?,Question,Definition,5.0,5.0,1.0,0.0,0.0,0.0,0
16.0,2024-08-15 6:10:24,"음 내가 알기로는 기존에 이미 강아지, 고양이 언어 번역기가 있는 거 같은데",Statement,Information,,,,4.0,3.0,2.0,0
16.0,2024-08-15 6:11:27,이 아이디어가 가지고 있는 다른 차이점이 뭐야?,Question,Comparison,5.0,5.0,4.0,,,,0
16.0,2024-08-15 6:12:41,그렇다면 반려인이 반려견이 아플 때 빨리 병원에 데려가거나 하는 현실적 문제를 해결할 수 있어서 좋겟다,Statement,Evaluation,,,,5.0,4.0,3.0,1
16.0,2024-08-15 6:15:02,그런데 반대로 이 서비스를 썼을 때 사람이 강아지의 말을 배울 수 있다는 장점도 있지 않을까?,Question,Generate Design,6.0,7.0,5.0,0.0,0.0,0.0,1
16.0,2024-08-15 6:17:13,유튜브 영상중에 사람이 고양이한테 '맠-옹'이라고 소리내면 고양이가 자기를 부르는지 알고 깜짝 놀라는 영상이 있었거든.,Statement,Information,0.0,0.0,0.0,5.0,4.0,3.0,1
16.0,2024-08-15 6:17:15,뭔가 반대로 이런 인터렉션이 보완되면 쫌 더 차별화 되지 않을까?,Question,Generate Design,6.0,7.0,5.0,0.0,0.0,0.0,1
16.0,2024-08-15 6:18:12,그리고 이런 번역기가 만들어지면 강아지별로 특성이 어떤지도 파악할 수 있을 거 같아.,Statement,Evaluation,,,,5.0,4.0,3.0,1
16.0,2024-08-15 6:20:24,다견 가정에서 각 강아지의 특성을 잘 알게되면 강아지에게 필요한 애정표현과 특별 관리도 할 수 있을 거 같아,Statement,Recommendation,,,,5.0,4.0,4.0,1
16.0,2024-08-15 6:21:45,사람들이 강아지의 감정에 대해 더 잘 이해하고 가족 구성원으로 여기는 것을 도와서 세상의 모든 강아지들이 더 행복해지는 미래를 상상할 수 있을 거 같아.,Statement,Evaluation,,,,5.0,4.0,3.0,1
16.0,2024-08-15 6:21:48,근데 강아지가 받는 스트레스 역시 주인이 더 잘 알게 되니까 가끔은 마음 아픈 경우가 생길수도 있을 거 같아.,Statement,Evaluation,,,,4.0,4.0,2.0,-1
16.0,2024-08-15 6:23:35,강아지 밥을 주려고 출근을 해야 하는데 강아지가 너무 슬퍼하면ㅠㅠ 주인도 마음이 힘들 거 같아.,Statement,Evaluation,,,,4.0,3.0,2.0,-1
16.0,2024-08-15 6:24:39,오~ 좋은 생각이다,Statement,Evaluation,,,,1.0,1.0,1.0,1
16.0,2024-08-15 6:25:53,"그런 부가적인 놀이, 활동 추천 기능은 서비스에 어떤 식으로 녹일 수 있을까?",Question,Generate Design,5.0,5.0,5.0,,,,0
16.0,2024-08-15 6:25:55,추천되는 놀이들이 정말로 믿을만한지 전문가의 판단과 꿀팁 같은 것이 있으면 좋을 거 같아.,Statement,Recommendation,,,,6.0,5.0,5.0,1
16.0,2024-08-15 6:26:41,유명한 훈련사가 놀이를 하는 방법에 대한 유의점을 담은 영상이나 컨텐츠가 같이 첨부되면 좋지 않을까?,Statement,Recommendation,,,,6.0,5.0,5.0,1
16.0,2024-08-15 6:29:12,응 근데 그런 컨텐츠가 너무 길거나 현실적으로 불가능한 것들이면 주인이 또 부담을 느낄 수 있을 거 같아.,Statement,Evaluation,,,,5.0,5.0,4.0,-1
16.0,2024-08-15 6:30:48,그런 꿀팁들을 주인이 부담없이 확인할 수 있는 방법에는 무엇이 있을까?,Question,Generate Design,5.0,5.0,5.0,,,,0
16.0,2024-08-15 6:30:49,그런데 이 부가기능에 대한 이야기 보다 LLM을 썼을 때 생기는 고려지점에 대해 더 고려하면 좋을 거 같아.,Statement,Recommendation,,,,5.0,4.0,5.0,0
16.0,2024-08-15 6:31:21,이 프로젝트의 메인 아이디어는 번역이니까,Statement,Evaluation,,,,3.0,3.0,2.0,0
16.0,2024-08-15 6:31:27,강아지 음성에만 집중해있는데 부가적인 종류의 데이터를 얻을 수도 있을 거 같아.,Statement,Recommendation,,,,5.0,4.0,5.0,0
,,만약에 강아지가 너무 짖어서 성대수술을 하거나 하는 경우도 있으니까.,Statement,Information,,,,5.0,4.0,3.0,-1
,,그리고 강아지는 다른 동물에 비해 표정이 굉장히 다양해서 이런 것들도 활용해볼 수 있지 않을까?,Question,Proposal/Negotiation,5.0,5.0,4.0,,,,1
,,응 근데 이게 좋은 아이디어긴 한데 현실적으로 가능한 부분인지도 생각해보는게 좋을 거 같아.,Statement,Evaluation,,,,4.0,4.0,3.0,0
,,이런 상상들을 현실로 가져오려면 지금 기술이 어느정도로 발전했는지도 같이 생각해보면 좋을 거 같아.,Statement,Recommendation,,,,4.0,4.0,3.0,0
,,너 생각에는 실제 개발이 어느정도 가능한 거 같니?,Question,Judgmental,4.0,4.0,3.0,,,,0
17.0,2024-08-13 2:31:24,가족이 아동 학대나 방치를 한다는 상황인거야?,Question,Low-Level,4.0,4.0,1.0,0.0,0.0,0.0,0
17.0,2024-08-13 2:32:38,학대나 방치 생활을 하는 아동이 갑자기 팔찌를 차고 있으면 가해자가 바로 알아차리지 않을까?,Question,Deep Reasoning,5.0,5.0,5.0,0.0,0.0,0.0,0
17.0,2024-08-13 2:35:07,학대나 방치 당하는 아동이 어떤 환경에서 생활하고 있는지 잘 파악해야 할 것 같아.,Statement,Recommendation,,,,5.0,5.0,5.0,0
17.0,2024-08-13 2:36:20,"그런 경우에는 학교를 다니지 않는 아이들도 있을 수 있을테고,",Statement,Information,,,,4.0,4.0,3.0,0
17.0,2024-08-13 2:37:34,신발에 넣는 건 야외에 나갈 때만 해당되는 아이디어인데,Statement,Evaluation,,,,5.0,5.0,4.0,0
17.0,2024-08-13 2:39:23,너가 정의한 타겟 문제는 아동 학대와 방치를 어디서나 인지하려면 실내에서도 가능한 아이디어야할 것 같아,Statement,Recommendation,,,,5.0,5.0,5.0,0
17.0,2024-08-13 2:41:01,귀걸이는 성별이나 나이대에 따라 적용이 어려울 수도 있을 것 같아.,Statement,Evaluation,,,,5.0,5.0,3.0,0
17.0,2024-08-13 2:41:10,옷에 부착하는 스마트 태그로 변경하는 건 좋은 것 같은데 어떤 기능을 넣으면 좋을까?,Question,Generate Design,5.0,5.0,4.0,,,,1
17.0,2024-08-13 2:42:56,경고 알림은 어디로 보내는 거야?,Question,Low-Level,5.0,5.0,1.0,0.0,0.0,0.0,0
17.0,2024-08-13 2:43:38,"아동 학대나 방치 상황이 가족이 가해자인지, 아니면 가족 이외의 다른 상황을 방지하기 위한 디자인인지 구별하면 더 좋을 것 같아",Statement,Recommendation,0.0,0.0,0.0,6.0,6.0,6.0,1
17.0,2024-08-13 2:45:06,스마트 태그를 옷에 부착하는 데 심박수 센서가 제대로 기능할 수 있을까?,Question,Low-Level,5.0,6.0,1.0,0.0,0.0,0.0,0
17.0,2024-08-13 2:46:26,나머지 기능은 가능한 것 같아,Statement,Evaluation,0.0,0.0,0.0,4.0,3.0,2.0,1
17.0,2024-08-13 2:46:32,그리고 아동이 직접 착용해야 하는 경우를 고려해서 쉽게 탈부착이 가능한 디자인이면 더 좋지 않을까?,Question,Generate Design,6.0,7.0,5.0,0.0,0.0,0.0,1
17.0,2024-08-13 2:48:25,"옷 바깥에 센서를 부착하면 심박수 모니터링이 불가능할 것 같은데,",Statement,Evaluation,,,,6.0,5.0,4.0,0
17.0,2024-08-13 2:48:51,그러면 이 스마트 태그를 옷 안쪽에 피부에 닿게 부착한다거나 이런식으로 설계하면 심박수 모니터링이 가능하지 않을까?,Question,Generate Design,6.0,6.0,5.0,,,,1
17.0,2024-08-13 2:50:36,근데 옷에서 탈착되면 즉시 경보 알림 기능은 실행이 어려울 것 같아...,Statement,Evaluation,,,,5.0,4.0,3.0,-1
17.0,2024-08-13 2:51:52,그렇게 되면 옷 한벌에 태그 한개가 부착되어야있어야하는 거 아니야?,Question,Low-Level,4.0,3.0,1.0,,,,0
17.0,2024-08-13 2:52:25,옷을 바꿔 입을때 태그도 옮겨야 하지 않을까?,Question,Low-Level,4.0,3.0,1.0,,,,0
17.0,2024-08-13 2:53:43,아니 그러면 즉시 경보 알림 기능이나 비정상적인 패턴을 감지하는 경우라고 말했는데 구체적으로 어떤 상황에서 경보 알림을 해야할까??,Question,Low-Level,5.0,5.0,1.0,0.0,0.0,0.0,0
,,구체적으로 어떤 상황에서 경보 알림을 해야할까??,Question,Feature Specification,5.0,5.0,1.0,0.0,0.0,0.0,0
,,태그를 강제로 제거하는 것과 옷을 바꿔입기 위해 제거하는 것을 어떻게 구별해야할까?,Question,Generate Design,5.0,5.0,5.0,0.0,0.0,0.0,0
,,비정상 상태를 정의하는 건 좋은데 심박수가 몇 이상이나 이하를 어떻게 정의해야할 지 고민이네,Statement,Evaluation,0.0,0.0,0.0,5.0,5.0,5.0,0
,,체육 활동 같은 걸 하게 되면 그때도 심박수가 높아질텐데 그런 상황과 학대 방치 상황을 어떻게 구별해야할까?,Question,Generate Design,5.0,5.0,5.0,0.0,0.0,0.0,0
,,사용되는 센서가 많아질 수록 전력이 필요할 것 같다는 생각도 드는데..,Statement,Evaluation,,,,4.0,3.0,2.0,0
,,동작 센서는 어떤걸 말하는거야?,Question,Low-Level,3.0,4.0,1.0,,,,0
,,동작 패턴 분석이라고 말했는데 학대 방치 상황에서 나오는 특정 동작들이 있을까?,Question,Generate Design,5.0,5.0,5.0,0.0,0.0,0.0,0
,,그걸 감지하면 학대 상황과 일상 생활을 구별하는데에 도움이 될 것 같아,Statement,Recommendation,0.0,0.0,0.0,5.0,5.0,5.0,1
18.0,2024-08-12 10:38:12,혹시 특별히 나한테 물어보고 싶은 게 있었니?,Question,Judgmental,5.0,3.0,2.0,0.0,0.0,0.0,0
18.0,2024-08-12 10:39:16,음.. 일단 실현은 가능할 것 같은데 그렇게 하려면 조금 더 아이디어가 구체적이어야 할 것 같단다.,Statement,Evaluation,,,,5.0,4.0,3.0,0
18.0,2024-08-12 10:40:09,혹시 서비스 디자인으로 생각하고 있는 거니?,Question,Low-Level,3.0,3.0,1.0,,,,0
18.0,2024-08-12 10:41:28,그래?,Statement,Evaluation,,,,1.0,1.0,1.0,0
18.0,2024-08-12 10:41:29,일단 좋은 것 같단다.,Statement,Evaluation,,,,2.0,2.0,1.0,1
18.0,2024-08-12 10:43:03,서비스 디자인이어도 민간 업체의 서비스인지 정책 디자인인지 그런 것부터 정하는 게 중요할 것 같단다.,Statement,Recommendation,,,,5.0,5.0,5.0,0
18.0,2024-08-12 10:43:50,혹시 생각해본 방향이 있을까?,Question,Low-Level,3.0,3.0,1.0,,,,0
18.0,2024-08-12 10:45:25,동건이가 결정하는 게 중요할 것 같아.,Statement,Recommendation,,,,3.0,3.0,3.0,0
18.0,2024-08-12 10:47:32,"잠깐, 아직 그 기능은 생각할 단계가 아닌 것 같아.",Statement,Evaluation,,,,5.0,5.0,3.0,0
18.0,2024-08-12 10:47:35,우선 그럼 정책 디자인으로 정하고 논의를 해보자.,Statement,Recommendation,,,,4.0,4.0,5.0,1
18.0,2024-08-12 10:49:30,이 서비스의 stakeholder들이 누가 있을지 생각해보는 게 먼저일 것 같단다.,Statement,Recommendation,,,,4.0,5.0,5.0,1
18.0,2024-08-12 10:50:42,혹시 생각해본 게 있니?,Question,Low-Level,4.0,4.0,1.0,,,,0
18.0,2024-08-12 10:50:43,그러면 그렇게 3가지 이해관계자를 고려하도록 하자.,Statement,Recommendation,,,,5.0,4.0,5.0,1
18.0,2024-08-12 10:52:13,"아무래도 가장 메인이 되는 것은 일반 시민들일테니, 이 사람들의 서비스 touchpoint를 먼저 계획해보는 게 좋을 것 같단다.",Statement,Recommendation,,,,6.0,5.0,6.0,1
18.0,2024-08-12 10:53:53,혹시 서비스 디자인에서 touchpoint가 뭔지 알고 있니?,Question,Definition,5.0,5.0,4.0,,,,1
18.0,2024-08-12 10:53:54,그래 맞아.,Statement,Evaluation,,,,1.0,1.0,1.0,1
18.0,2024-08-12 10:55:07,잘 이해하고 있구나.,Statement,Evaluation,,,,1.0,1.0,1.0,1
18.0,2024-08-12 10:55:21,그렇다면 일반 시민들의 서비스 터치포인트를 찾는 것도 쉽게 할 수 있겠구나.,Statement,Evaluation,,,,2.0,2.0,2.0,1
18.0,2024-08-12 10:55:49,"일반 시민들의 평소 이동과 관련된 journey를 나열해보고, 그 안에서 이 서비스의 터치포인트들이 뭐가 있는지 한번 작성해보면 좋을 것 같단다.",Statement,Recommendation,,,,5.0,5.0,5.0,1
18.0,2024-08-12 10:57:15,그래 아주 잘 했어.,Statement,Evaluation,,,,1.0,1.0,1.0,1
18.0,2024-08-12 10:57:16,각 터치포인트 별로 어떤 사용자 경험을 줄지는 동건이가 생각해야겠지.,Statement,Recommendation,,,,3.0,3.0,3.0,0
18.0,2024-08-12 10:57:50,예를 들어서 출발지 선택 같은 경우 어떻게 해보면 좋겠니?,Question,Generate Design,5.0,5.0,5.0,,,,0
18.0,2024-08-12 10:58:58,기존에 어떤 문제가 있을까를 생각해보면 쉬울 수도 있단다.,Statement,Recommendation,,,,3.0,3.0,3.0,0
18.0,2024-08-12 10:58:59,"그치, 그리고 지금 동건이의 메인 주제는 저탄소 교통을 장려하는 서비스이다보니,",Statement,Evaluation,,,,5.0,4.0,3.0,1
18.0,2024-08-12 10:59:23,그 부분이 잘 반영되는 게 가장 중요하겠지?,Question,Judgmental,5.0,5.0,4.0,,,,1
18.0,2024-08-12 11:00:05,그래 그런 식으로 다른 터치포인트들도 생각하면 된단다.,Statement,Recommendation,,,,3.0,2.0,3.0,1
18.0,2024-08-12 11:01:22,"고려해야 될 요소라면, 아무래도 사용자들에게 불편함을 선택하도록 하는 아이디어이다보니 그 부분이 강제되거나 억지로 하는 기분이 들지 않게 하는 게 가장 중요할 것 같단다.",Statement,Recommendation,,,,5.0,4.0,4.0,1
18.0,2024-08-12 11:01:37,그래서 단순히 탄소양을 보여주는 것만으로는 사용자에게 충분한 동기부여가 되지 못할 수도 있겠다는 걱정이 든단다.,Statement,Evaluation,,,,5.0,5.0,3.0,-1
,,"시각화를 아주 매력적으로 한다든지, behavior change 분야에서 자주 쓰는 tactics을 찾아봐도 좋을 것 같단다.",Statement,Recommendation,,,,5.0,5.0,5.0,1
,,동건이가 방금 말한 포인트나 리워드도 좋은 생각인 것 같단다.,Statement,Evaluation,,,,4.0,4.0,3.0,1
,,"다만, 너무 금전적인 보상 체계가 중심이 되지 않게 하는 게 좋을 것 같단다.",Statement,Recommendation,,,,5.0,5.0,5.0,1
,,내가 아까 말했듯이 기존에 잘 사용되고 있는 전략들이 뭐가 있는지 찾아보고 이 아이디어에 적용할 만한 것이 있는지 골라봐도 좋을 것 같단다.,Statement,Recommendation,,,,5.0,4.0,5.0,1
,,아니면 새롭게 디자인 아이디어를 내야겠지...,Statement,Recommendation,,,,3.0,3.0,4.0,0
,,우선 자료 조사를 해보면 어떨까?,Statement,Recommendation,,,,4.0,4.0,5.0,1
,,그래 혹시 또 궁금한 점 있니?,Question,Low-Level,3.0,2.0,1.0,0.0,0.0,0.0,0
,,"음, 동건이가 지금 업데이트한 것처럼 지도 서비스 디자인으로 아이디어를 좁히면 조금 더 구체적인 디자인 피쳐들을 생각해볼 수 있고, 그러면 더 명확한 경험을 제공할 수 있을 것 같단다.",Statement,Evaluation,,,,5.0,4.0,3.0,1
,,지금 생각중인 아이디어들을 더 구체화해서 알려줄래?,Question,Generate Design,5.0,5.0,4.0,,,,1
,,그래 일단 좋아.,Statement,Evaluation,,,,1.0,1.0,1.0,1
,,그래 일단 좋아.,Statement,Evaluation,,,,1.0,1.0,1.0,1
,,"아까부터 계속해서 강조하고 싶은 것은, '저탄소'라는 디자인 테마가 계속해서 잘 녹아들 수 있게 하는 것이란다.",Statement,Recommendation,,,,5.0,5.0,5.0,1
,,"일반적인 지도 서비스가 아니라, '저탄소 교통 이용을 장려'한다는 타겟 골을 가진 서비스라는 점을 계속해서 keep in mind하고 디자인해야 한단다.",Statement,Recommendation,,,,5.0,5.0,5.0,1
,,그 부분은 디자인의 핵심이 되기 때문에 내가 답을 주기보다는 동건이가 직접 생각하는 게 중요할 것 같단다.,Statement,Evaluation,,,,5.0,6.0,4.0,0
,,한번 생각해보고 내일 다시 만나서 논의하지 않겠니?,Question,Generate Design,6.0,5.0,4.0,,,,0
19.0,2024-08-15 10:40:02,이 지도 프로그램에서 핵심이 되는 동기는 절약한 탄소량이라고 생각해.,Statement,Evaluation,,,,5.0,5.0,3.0,1
19.0,2024-08-15 10:43:37,"그런데, 그 데이터를 교통 이용 시마다 표시해 주는 것 만으로는 동기부여가 부족하다고 생각해.",Statement,Evaluation,,,,5.0,5.0,3.0,0
19.0,2024-08-15 10:43:38,"그동한 저탄소 교통을 이용해 절약한 탄소량을 누적해서 표시해주거나, 이를 통해 달성할 수 있는 가상의 과제를 설정해 두고,",Statement,Recommendation,,,,5.0,5.0,5.0,1
19.0,2024-08-15 10:45:19,이 탭을 어플리케이션의 다른 메뉴에서 확인할 수 있도록 한다면 더욱 동기 부여가 강력해질 것 같아.,Statement,Recommendation,,,,5.0,5.0,5.0,1
19.0,2024-08-15 10:48:24,사람들이 주로 생각하는 저탄소 교통 이용의 효과는 아마도 환경오염 개선에 관한 것일거야.,Statement,Information,,,,3.0,3.0,2.0,0
19.0,2024-08-15 10:48:25,이와 관련해서 자신이 기여했다는 기분을 느낄 수 있게 해당 효과를 시각화하는 방법을 고려해 봐.,Statement,Recommendation,,,,4.0,4.0,5.0,1
19.0,2024-08-15 10:50:21,그렇다면 이 시각적인 데이터를 사용자의 프로필 혹은 애플리케이션 홈에서 나타낼 수 있는 친숙한 방법이 필요할 것 같아.,Statement,Recommendation,,,,5.0,4.0,5.0,1
19.0,2024-08-15 10:51:11,"예를 들어, 최근에 많이 사용되는 어플리케이션 중 duilingo라는 언어 학습 플랫폼을 참고할 수 있을 거야.",Statement,Information,,,,5.0,4.0,3.0,1
19.0,2024-08-15 10:52:36,"이곳에서는 몇일째 연속해서 학습이 이루어지고 있는지, 그리고 매일 얼마만큼의 학습을 하고 있는 등을 시각화해서 보여주거든.",Statement,Information,,,,5.0,4.0,3.0,1
19.0,2024-08-15 10:52:38,항상 주의해야 하는 점은 전문적인 데이터로 다가가지 않는거야.,Statement,Recommendation,,,,5.0,4.0,5.0,0
19.0,2024-08-15 10:53:56,"물론 탄소 절약에 대한 아주 세부적이고 다양한 시각화 및 분석을 한다면 이론적으로는 효과적인 서비스가 되겠지만, 대부분 이 서비스를 사용하는 사람들은 그 정도의 지식을 피곤하게 느낄 수 있어.",Statement,Evaluation,,,,5.0,5.0,4.0,-1
19.0,2024-08-15 10:55:31,"데이터를 부르는 용어를 쉽게 만들고, 시각화 방식 또한 직관적으로 만들면 이 플랫폼을 범용적으로 사용 가능하게 해 줄 거야.",Statement,Recommendation,,,,5.0,5.0,5.0,1
19.0,2024-08-15 10:55:32,말해준 점들이 잘 반영된 것 같아.,Statement,Evaluation,,,,3.0,2.0,1.0,1
19.0,2024-08-15 10:57:13,"그런데, 환경친화적인 대중교통의 사용량을 늘리려는 우리의 1차적인 목표에 더욱 다가가려면 개인에게 보상을 제공하는 것 외에도 사회적인 흐름을 만들어 나가는 것이 중요해.",Statement,Recommendation,,,,4.0,5.0,5.0,1
19.0,2024-08-15 10:57:55,"이벤트는 너무 많이 진행된 단계인 것 같고,",Statement,Evaluation,,,,5.0,4.0,3.0,0
19.0,2024-08-15 10:59:35,가장 원시적인 형태부터 시작해 보자.,Statement,Recommendation,,,,4.0,3.0,5.0,1
19.0,2024-08-15 10:59:36,친구 및 지인의 프로필에 표시되는 저탄소 교통 이용과 관련된 시각화 자료를 다른 사람이 볼 수 있게 하면 좋겠어.,Statement,Recommendation,,,,5.0,4.0,5.0,1
19.0,2024-08-15 11:01:00,이제 이렇게 한 뒤에 가상의 이벤트를 생각해 볼 수 있을 거야.,Statement,Recommendation,,,,4.0,3.0,3.0,1
19.0,2024-08-15 11:02:05,여기서는 기업과 같은 큰 그룹의 경쟁보다는 앞서 말한 친구 혹은 지인과 협력 혹은 경쟁을 하면서 저탄소 교통을 많이 이용하도록 장려하는 간단한 이벤트가 있으면 좋을 것 같아.,Statement,Recommendation,,,,5.0,4.0,4.0,1
19.0,2024-08-15 11:02:10,너가 말해 준 예시도 정말 괜찮지.,Statement,Evaluation,,,,3.0,2.0,2.0,1
,,"다만, 경쟁하는 형태의 이벤트 기획에서 가장 중요한 점은 경쟁에서 패배하더라도 나름의 어플리케이션 사용에 대한 동기를 얻는 것이라 생각해.",Statement,Recommendation,,,,4.0,5.0,5.0,1
,,"음, 아까 내가 말했던 것은 지역 커뮤니티나 회사 단위로 보호활동에 참여하게 하자는 것은 아니었어.",Statement,Evaluation,,,,6.0,5.0,4.0,0
,,오히려 그런 형태의 이벤트는 지양해야 한다고 생각해.,Statement,Recommendation,,,,5.0,5.0,4.0,0
,,그 정도로 큰 그룹을 움직이게 하기에는 현재 우리가 가진 motivation이 부족하거든.,Statement,Evaluation,,,,6.0,6.0,3.0,0
,,그 부분에 대해서는 다양한 온라인 게임에서 예시를 찾아 볼 수 있을 것 같아.,Statement,Recommendation,,,,4.0,3.0,4.0,1
,,어떻게 보면 사용자가 간단한 전략을 설계할 수 있게 유도하는거지.,Statement,Recommendation,,,,3.0,3.0,4.0,1
20.0,2024-08-14 10:36:08,"아동학대를 하는 가정이 있다면, 아동이 응급 호출 등을 하지 못하게 막을 수도 있을 것 같은데,",Question,Deep Reasoning,6.0,7.0,5.0,0.0,0.0,0.0,0
20.0,2024-08-14 10:38:03,어떻게 해결할 수 있을까?,Question,Generate Design,6.0,7.0,5.0,0.0,0.0,0.0,0
20.0,2024-08-14 10:39:23,오 장치가 강제로 제거될 때 신호를 보낸다는 아이디어도 좋은 것 같다!,Statement,Evaluation,,,,5.0,4.0,3.0,1
20.0,2024-08-14 10:41:01,그런데 마이크나 GPS를 이용하다보면 사생활이나 개인정보 문제가 생길 수도 있을 것 같아,Statement,Recommendation,,,,5.0,5.0,4.0,0
20.0,2024-08-14 10:42:14,"그리고 아동학대를 당해 응급 호출을 하는 상황은 굉장히 위급한 상황일 것 같은데,",Statement,Evaluation,,,,5.0,5.0,4.0,0
20.0,2024-08-14 10:42:16,"경찰 신고를 자동화 한다거나, 위치 정보를 제공하는 것처럼 더 빠른 대처를 위한 방안들이 필요할 것 같아.",Statement,Recommendation,,,,6.0,6.0,6.0,1
20.0,2024-08-14 10:43:11,어떤게 있을까?,Question,Generate Design,5.0,5.0,4.0,,,,0
20.0,2024-08-14 10:44:44,"내가 알기로 아동학대는 지속적으로 이루어 지는 경우가 많은 것 같더라고,",Statement,Information,,,,4.0,3.0,2.0,0
20.0,2024-08-14 10:45:25,"좀 더 빨리, 최대한 심각해지기 전에 아동학대를 판단할 수는 없을까?",Question,Generate Design,5.0,5.0,4.0,,,,0
20.0,2024-08-14 10:47:06,"음 신체적인 폭력의 경우에는 신체의 흔들림이나, 음성 등으로도 파악할 수 있을 것 같기도 해.",Statement,Recommendation,,,,5.0,4.0,5.0,1
20.0,2024-08-14 10:47:07,어떻게 생각해?,Question,Judgmental,5.0,5.0,3.0,,,,0
20.0,2024-08-14 10:48:05,"그런데 놀이터에서 노는 상황에서도 충분히 급격한 흔들림, 큰 소리가 날 수 있을 것 같은데..",Statement,Evaluation,,,,5.0,4.0,3.0,0
20.0,2024-08-14 10:49:25,만약 아동학대가 아닌 가정이 아동학대 의심을 받는 다면 사용자가 싫어할 것 같아.,Statement,Evaluation,,,,5.0,5.0,3.0,-1
20.0,2024-08-14 10:50:47,해결 방안이 있을까?,Question,Generate Design,5.0,5.0,4.0,,,,0
20.0,2024-08-14 10:50:48,"그리고 아동이다 보니, 어떤 기기를 착용하는 것 자체를 불편해할수도 있을 것 같은데,",Statement,Evaluation,,,,5.0,4.0,3.0,0
20.0,2024-08-14 10:51:42,"형태나 디자인, 소재 등을 고민해봐야할 것 같은데,",Statement,Recommendation,,,,5.0,4.0,5.0,0
20.0,2024-08-14 10:52:18,어떻게 생각해?,Question,Judgmental,4.0,4.0,3.0,,,,0
20.0,2024-08-14 10:53:17,"먼저 친근감이 제일 중요한 것 같고,",Statement,Recommendation,,,,3.0,2.0,3.0,1
20.0,2024-08-14 10:54:28,"착용성, 안정성도 고려해야할 것 같아.",Statement,Recommendation,,,,3.0,2.0,3.0,1
20.0,2024-08-14 10:54:55,그리고 강제로 제거할 때 신호를 보내기로 했잖아.,Statement,Information,,,,5.0,4.0,3.0,0
20.0,2024-08-14 10:56:13,"그러려면 평소에 계속 끼고 있어야할텐데,",Statement,Evaluation,,,,4.0,4.0,3.0,0
20.0,2024-08-14 10:56:51,"씻거나, 운동을 할 때 장치가 손상되지 않아야할 것 같아",Statement,Recommendation,,,,5.0,5.0,5.0,0
20.0,2024-08-14 10:57:47,음 아무래도 '강제'로 제거되었는지를 정확하게 판단하는게 젤 중요할텐데..,Statement,Evaluation,,,,5.0,5.0,4.0,0
20.0,2024-08-14 10:57:49,넌 어떻게 생각해?,Question,Judgmental,4.0,4.0,3.0,,,,0
20.0,2024-08-14 10:58:37,"너가 작성한 아이디어를 읽어봤을 때, 이 아이디어를 실현하는 과정에서 어떤 문제점이나 어려움이 있을까?",Question,Generate Design,6.0,7.0,5.0,0.0,0.0,0.0,0
20.0,2024-08-14 10:59:07,구체적인 실현 방안을 생각해보자,Statement,Recommendation,0.0,0.0,0.0,6.0,5.0,7.0,1
20.0,2024-08-14 10:59:11,"맞아, 비용도 고려해야할 것 같아.",Statement,Evaluation,,,,2.0,2.0,1.0,0
,,다양한 고성능 센서들을 부착하다보면 비용이 만만치않을 것 같은데..,Statement,Evaluation,,,,3.0,3.0,2.0,0
,,어떻게 하는게 좋을까,Question,Generate Design,4.0,4.0,3.0,,,,0
,,음 아 그런데 스트레스 지수는 어떻게 판단할거야?,Question,Instrumental/Procedural,5.0,5.0,3.0,0.0,0.0,0.0,0
,,이 아이디어에서 또 다른 문제점들은 없어?,Question,Generate Design,6.0,6.0,5.0,0.0,0.0,0.0,0
,,배터리 문제는 어떻게 해결할 수 있을까?,Question,Generate Design,6.0,7.0,5.0,0.0,0.0,0.0,0
,,충전하는 방식도 문제가 될 수 있겠다.,Statement,Evaluation,0.0,0.0,0.0,5.0,4.0,3.0,0
,,평상시에 계속 착용하고 있어야하니까!,Statement,Evaluation,0.0,0.0,0.0,4.0,3.0,2.0,0
,,음 사이즈 조절 기능도 필요할 것 같아.,Statement,Recommendation,,,,5.0,4.0,5.0,0
,,심박수 등은 헐거우면 잘 인식되지 않을 것 같은데?,Question,Deep Reasoning,5.0,5.0,5.0,,,,0
21,2024-08-15 0:44:01,동건이는 강아지를 키우고 있어?,Question,Low-Level,3.0,2.0,1.0,0.0,0.0,0.0,0
21,2024-08-15 0:46:21,강아지의 울음이나 짖는 소리를 시스템이 잘못 해석할 때의 문제들에 대해서 생각해본 적도 있을까?,Question,Deep Reasoning,5.0,5.0,5.0,0.0,0.0,0.0,0
21,2024-08-15 0:47:51,"그래서 아이디어 자체가 재미는 있을 것 같은데,",Statement,Evaluation,,,,2.0,2.0,1.0,1
21,2024-08-15 0:48:59,"정말 보호자들이 원할지,",Question,Deep Reasoning,5.0,5.0,5.0,,,,0
21,2024-08-15 0:49:52,그리고 보호자들이 원하더라도 동물들에게 좋은 방법인지 다시 생각을 해보면 좋을 것 같네,Statement,Recommendation,,,,4.0,4.0,4.0,0
21,2024-08-15 0:50:26,반려동물 목소리를 자연어로 번역하는 서비스 말고 생각해본 완전히 다른 아이디어도 있을까?,Question,Generate Design,5.0,5.0,5.0,0.0,0.0,0.0,0
21,2024-08-15 0:51:16,이 아이디어를 꼭 발전시키고 싶은 이유는 뭐야?,Question,Deep Reasoning,6.0,7.0,5.0,0.0,0.0,0.0,0
21,2024-08-15 0:51:17,동건이는 반려동물과 교감하기 위해서 주로 어떤 행동을 하곤해?,Question,Deep Reasoning,5.0,6.0,5.0,0.0,0.0,0.0,0
21,2024-08-15 0:53:21,"동건이 말로는 정확도가 중요하지 않겠다고 하지만, 내 생각에는 정확도가 정말 중요할 것 같아.",Statement,Evaluation,,,,6.0,6.0,5.0,0
21,2024-08-15 0:54:38,"사람의 언어를 번역할 때도 작은 실수하나가 큰 오해를 낳기 마련인데, 정확도가 낮으면 정말 많은 오해들이 생기고 강아지에 대한 인식이 바뀔 것 같아",Statement,Evaluation,,,,6.0,6.0,5.0,0
21,2024-08-15 0:55:11,그리고 애초에 강아지를 사람의 관점으로 이해하려는 것 자체가 보호자로서의 좋은 태도일지에 대해서 생각해보면 좋겠어.,Statement,Evaluation,,,,5.0,6.0,4.0,0
21,2024-08-15 0:58:31,그럼 지금까지의 피드백을 듣고 새로 떠오른 아이디어들을 브레인스토밍하듯 말해볼래?,Question,Generate Design,6.0,6.0,5.0,0.0,0.0,0.0,1
21,2024-08-15 0:59:00,"결국에는 문제의 핵심은 보호자가 반려동물의 마음과 상태를 이해하지 못하는 것에 있으니까,",Statement,Evaluation,,,,5.0,5.0,4.0,0
21,2024-08-15 1:00:06,3번째 아이디어를 제외해서 다른 아이디어 중에서 하나를 골라볼래?,Question,Generate Design,5.0,5.0,4.0,,,,0
21,2024-08-15 1:01:06,"강아지가 불편하지 않은 방식으로 모니터링을 하는 것이 중요할 것 같은데,",Statement,Evaluation,,,,5.0,4.0,3.0,0
21,2024-08-15 1:01:07,혹시 생각해본 아이디어가 있을까?,Question,Generate Design,5.0,5.0,4.0,0.0,0.0,0.0,0
21,2024-08-15 1:02:37,"웅 하나의 디자인을 만들다기보다 강아지들도 선호를 가질 수 있어서,",Statement,Recommendation,,,,4.0,3.0,4.0,0
21,2024-08-15 1:04:02,다양한 컨셉을 제안해보는 것도 좋을 것 같아,Statement,Recommendation,,,,3.0,3.0,4.0,1
21,2024-08-15 1:04:37,"건강 중에서 사실, 무엇을 모니터링하냐에 따라서 다를 것 같네.",Statement,Evaluation,,,,5.0,4.0,3.0,0
21,2024-08-15 1:06:07,동건이는 어떤 부분을 가장 궁금해하고 있어?,Question,Low-Level,4.0,3.0,1.0,,,,0
 ,,그리고 이 부분을 설정하기 위해서는 단순히 아이디어뿐만 아니라 자료조사가 많이 필요할 것 같다는 생각이 드네,Statement,Recommendation,,,,4.0,5.0,4.0,0
,,"심가수, 체온, 활동량 정도는 쉽게 측정할 수 있어서 걱정할 필요는 없을 것 같아.",Statement,Evaluation,,,,6.0,5.0,4.0,1
,,그럼 지금까지 정리된 아이디어를 말해볼래?,Question,Concept Completion,6.0,6.0,5.0,,,,1
22.0,2024-08-14 0:34:08,좋은 아이디어인것 같아,Statement,Evaluation,,,,2.0,1.0,1.0,1
22.0,2024-08-14 0:34:56,그러면 이 아이디어는 아이들을 위한 필터링 서비스 인거지?,Question,Verification,5.0,5.0,3.0,,,,0
22.0,2024-08-14 0:35:44,그렇다면 아이들이 시청하는 콘텐츠를 관리 할 수 있는 수단이 필요하다는 거구나,Statement,Evaluation,,,,4.0,3.0,2.0,1
22.0,2024-08-14 0:37:21,동건이가 제시한 아이디어에서는 지금은 적절한 콘텐츠만 노출 시키고 나머지는 차단되는 아이디어인데,Statement,Evaluation,,,,5.0,4.0,3.0,0
22.0,2024-08-14 0:37:22,"관리를 하는 측면에서 보면 보상이나 다른부분도 적용하면 좋을것 같아,",Statement,Recommendation,,,,4.0,4.0,5.0,1
22.0,2024-08-14 0:40:05,예를 들면 특정 시간에는 학습 관련한 영상이 나오고 쉬는 시간에는 만화가 나온다던지,Statement,Recommendation,,,,5.0,5.0,5.0,1
22.0,2024-08-14 0:41:26,"내가 생각할때는 이 서비스를 실질적으로 사용하는 유저는 부모님이기 때문에, 필터링 서비스를 제어하는 앱 같은 경우에는 부모님을 대상으로 디자인 되어야할것 같아",Statement,Recommendation,,,,6.0,6.0,5.0,1
22.0,2024-08-14 0:41:27,그리고 그에 맞는 적절한 UI가 필요하고,Statement,Recommendation,,,,4.0,5.0,4.0,1
22.0,2024-08-14 0:43:05,보상이나 다른 부분을 적용할때는 예를 들면 방학때 우리 원형 계획표 짰던것 처럼 해보면 어떨까?,Statement,Recommendation,,,,5.0,5.0,5.0,1
22.0,2024-08-14 0:43:42,"어떤 컨텐츠를 아이들에게 노출 시킬건지에 대한 선택사항에서 아이들이 어떤걸 좋아하는지, 그리고 부모님은 어떤걸 제공하고 싶은지에 대해 카테고리가 있으면 좋을것 같아",Statement,Recommendation,,,,6.0,5.0,6.0,1
22.0,2024-08-14 0:45:08,"UI를 직관적으로 만드려면 부모님은 시력이 안좋을수도 , 때문에 폰트의 사이즈, ui 색상을 고려해야해",Statement,Recommendation,,,,6.0,5.0,6.0,1
22.0,2024-08-14 0:45:10,그러려면 부모님들이 사용하는 어플들을 조사할 필요가 있을거야.,Statement,Recommendation,,,,5.0,5.0,6.0,1
22.0,2024-08-14 0:46:53,아니면 구글에서 제공하는 ui 가이드 라인을 참고하면 좋아.,Statement,Recommendation,,,,5.0,5.0,6.0,1
22.0,2024-08-14 0:47:22,그리고 혼자 아이들이 있는 경우에 컨텐츠를 소비하는 경우가 많을것 같은데,Statement,Information,,,,4.0,3.0,2.0,0
22.0,2024-08-14 0:48:21,이런 아이들을 위해서도 좋은 서비스가 될것 같아,Statement,Evaluation,,,,3.0,3.0,2.0,1
22.0,2024-08-14 0:49:40,"아이들이 시청하는 컨텐츠에서 사용하는 용어, 그리고 댓글, 화면에서 드러나는 폭력성은 어떤지, 혹은 교육적인 정보는 얼마나 담고 있는지가 중요할것 같아.",Statement,Recommendation,,,,6.0,5.0,5.0,0
22.0,2024-08-14 0:49:41,아이들이 시청하는데 동영상에서 욕을 하거나 그러면 안좋잖아,Statement,Evaluation,,,,4.0,4.0,3.0,-1
22.0,2024-08-14 0:52:17,그리고 또 물어볼거 있을까?,Question,Low-Level,3.0,2.0,1.0,0.0,0.0,0.0,0
22.0,2024-08-14 0:52:18,"내 생각에는 어플리케이션을 통해 해당 컨텐츠를 제어하는 기술이 필요하고,",Statement,Recommendation,,,,5.0,4.0,5.0,1
22.0,2024-08-14 0:54:18,영상 컨텐츠를 읽는 ai 모델이 필요할것 같아,Statement,Recommendation,,,,4.0,4.0,5.0,1
22.0,2024-08-14 0:54:57,그리고 필터링 된 영상 컨텐츠들을 제공한다면 부모님이 보여주고 싶은 컨텐츠들이 자주 나오기 때문에,Statement,Information,,,,5.0,4.0,3.0,1
22.0,2024-08-14 0:56:02,영상 컨텐츠를 볼 수 있도록 장려하는것도 있으면 좋을것 같아,Statement,Recommendation,,,,3.0,3.0,4.0,1
22.0,2024-08-14 0:57:00,부모님의 사용편의성을 높이기 위해서는 먼저 부모님이 어떤 컨텐츠인지 알아야 필터링을 할 수 있을것 같아,Statement,Recommendation,,,,5.0,4.0,5.0,1
22.0,2024-08-14 0:57:29,그래서 필터링을 하기 전에 간략한 정보 그리고 대표하는 이미지를 제공해야할것 같아.,Statement,Recommendation,,,,5.0,5.0,5.0,1
,,간단하게 스와이핑해서 골라내는 인터렉션도 좋을것 같네.,Statement,Recommendation,,,,4.0,4.0,5.0,1
,,"컨텐츠 유형을 먼저 제공하고, 해당 유형에서 골라내는 방식이 좋을것 같아",Statement,Recommendation,,,,5.0,5.0,5.0,1
,,보상 시스템의 경우에는 다수를 차지 하지는 않을것 같아.,Statement,Evaluation,,,,3.0,2.0,2.0,0
,,때문에 일일 목표하는 컨텐츠를 소비하였거나 부모님이 원하는 대로 되었을 경우에 보상 시스템을 클릭하면 되는 게 좋을것 같아.,Statement,Recommendation,,,,4.0,3.0,4.0,1
,,팝업 방식?,Question,Generate Design,3.0,3.0,2.0,,,,0
,,그리고 나중에 부모님이 해당 컨텐츠를 통해서 아이들과 소통 할 수 있는 기회도 있으면 좋겠네,Statement,Recommendation,,,,5.0,4.0,5.0,1
23.0,2024-08-15 4:35:58,"다만 걱정되는 점은, 전문 상담사와의 인터뷰나 정기 방문 등은 상당히 많은 비용을 필요로 할 것 같아요.",Statement,Evaluation,,,,6.0,5.0,4.0,0
23.0,2024-08-15 4:38:23,이 비용 부담은 누가 하게 되나요?,Question,Low-Level,5.0,5.0,2.0,0.0,0.0,0.0,0
23.0,2024-08-15 4:40:12,"입양자들이 비용을 부담해야한다면, 입양자들의 입장에서 Petit을 사용하도록 하는 동기는 무엇이 될까요?",Question,Deep Reasoning,6.0,7.0,5.0,0.0,0.0,0.0,0
23.0,2024-08-15 4:42:51,굳이 추가적인 돈을 들여가면서 플랫폼을 사용하고 싶을까요?,Question,Deep Reasoning,6.0,7.0,5.0,0.0,0.0,0.0,0
23.0,2024-08-15 4:42:53,구체적인 사항에 대해 궁금한 점이 있어요.,Statement,Evaluation,,,,4.0,3.0,3.0,0
23.0,2024-08-15 4:45:42,입양자가 계약을 위반하는 경우에는 어떻게 처리하나요?,Question,Deep Reasoning,5.0,5.0,5.0,,,,0
23.0,2024-08-15 4:46:16,과도하게 엄격한 관리는 입양자 측에게 스트레스를 주고 반려동물에 대한 반감을 만들 것 같아요.,Statement,Evaluation,,,,5.0,4.0,3.0,-1
23.0,2024-08-15 4:49:46,"입양자가 솔직한 고민을 털어놓을 수 있도록, 엄격한 관리감독 대신 정기적인 상담을 진행하는 것은 어떨까요?",Statement,Recommendation,,,,5.0,5.0,5.0,1
23.0,2024-08-15 4:51:13,아이디어가 많이 개선된 것 같아요.,Statement,Evaluation,,,,2.0,2.0,1.0,1
23.0,2024-08-15 4:51:14,"입양을 준비하는 동물의 보호, 장기 미입양 동물에 대한 처분도 플랫폼에서 관리하나요?",Question,Low-Level,3.0,4.0,1.0,,,,0
23.0,2024-08-15 4:52:28,"제 생각에는 플랫폼에서 모든 인프라를 구축하기 보다, 기존 시설과의 연계를 통해 각 시설들을 연결하는 역할을 맡는 것이 효율적일 것 같아요.",Statement,Recommendation,,,,6.0,5.0,6.0,1
23.0,2024-08-15 4:53:46,"동물 보호소, 동물 병원, 훈련 시설 등과 연계하는 것에 대해서도 고민해보면 좋을 것 같아요.",Statement,Recommendation,,,,5.0,5.0,6.0,1
23.0,2024-08-15 4:53:48,우선은 각자의 니즈에 대한 깊은 이해도가 필요하다고 생각해요.,Statement,Evaluation,,,,3.0,2.0,2.0,0
23.0,2024-08-15 4:55:27,"다양한 이해관계자와 인터뷰를 가지면서 그들이 어떻게 일하고 있고, 어떤 지원이 필요한지 알아보는 것이 좋을 것 같아요.",Statement,Recommendation,,,,4.0,3.0,4.0,1
23.0,2024-08-15 4:56:45,아주 좋아요!,Statement,Evaluation,,,,1.0,1.0,1.0,1
23.0,2024-08-15 4:57:33,"입양자들만이 활용하는 플랫폼이 아닌, 각 시설의 다양한 이해관계자가 함께 활용하는 플랫폼이 되도록 디자인하면 좋을 것 같아요.",Statement,Recommendation,,,,5.0,5.0,5.0,1
23.0,2024-08-15 4:57:35,저는 페널티를 주는 방식은 갈등을 악화시키고 반려동물을 짐으로 생각하도록 하는 좋지 못한 방법이라고 생각이 들어요.,Statement,Evaluation,,,,6.0,6.0,4.0,-1
23.0,2024-08-15 4:57:51,"계약 위반을 잘못이라고 생각하기보다 학습이 필요한 미숙한 상태라고 생각하고, 이를 개선할 수 있도록 상담을 제공하는 방향은 어떨까요?",Statement,Recommendation,,,,5.0,5.0,6.0,1
,,아주 잘했어요!,Statement,Evaluation,,,,1.0,1.0,1.0,1
,,"아이디어가 많이 발전했네요,",Statement,Evaluation,,,,1.0,1.0,1.0,1
24.0,2024-08-13 6:34:50,너 몇학년이니,Question,Concept Completion,1.0,1.0,1.0,0.0,0.0,0.0,0
24.0,2024-08-13 6:37:24,학교 기숙사에 살아본 적 있니?,Question,Low-Level,3.0,2.0,1.0,0.0,0.0,0.0,0
24.0,2024-08-13 6:37:41,"이건 사실 니가 불편한 문제는 아닌데,",Statement,Evaluation,,,,3.0,2.0,1.0,-1
24.0,2024-08-13 6:38:31,어떻게 이런 아이디어를 떠올리게 되었니?,Question,Deep Reasoning,5.0,4.0,5.0,,,,0
24.0,2024-08-13 6:39:49,그니까 내 말은 에어컨을 막 펑펑 쓴다고 해서 니가 불편한 건 아니잖아.,Statement,Evaluation,,,,4.0,3.0,2.0,-1
24.0,2024-08-13 6:39:50,평소 환경에 관심이 많아서 이런 아이디어가 생각난거니?,Question,Deep Reasoning,5.0,5.0,4.0,,,,1
24.0,2024-08-13 6:40:34,뭐 자기의 경험일 수도 있고,Statement,Evaluation,,,,3.0,2.0,1.0,0
24.0,2024-08-13 6:41:21,리서치를 해서 찾을 수도 있지,Statement,Evaluation,,,,3.0,3.0,4.0,1
24.0,2024-08-13 6:41:44,니 아이디어는 이미 존재한다는 거야,Statement,Evaluation,,,,2.0,1.0,1.0,-1
24.0,2024-08-13 6:42:44,너 시장조사 안 했어?,Question,Low-Level,3.0,4.0,1.0,0.0,0.0,0.0,-1
24.0,2024-08-13 6:42:45,근데 일단 카이스트 기숙사가 니가 제안한 아이디어 그대로 사용하고 있어.,Statement,Information,,,,6.0,5.0,2.0,0
24.0,2024-08-13 6:44:16,이런 기존 시스템에서 더 개선할 점을 찾아보고 싶은거니 그럼?,Question,Generate Design,6.0,6.0,5.0,,,,0
24.0,2024-08-13 6:45:28,지금 카이스트 기숙사는 기숙사의 전등이나 에어컨이 켜져있어도 학생이 퇴실 시 학생증을 찍으면 방의 전원이 차단되는 시스템이잖아.,Statement,Information,,,,6.0,5.0,3.0,0
24.0,2024-08-13 6:46:02,여기서 뭘 더 개선할 수 있다고 생각하니?,Question,Generate Design,6.0,6.0,5.0,0.0,0.0,0.0,0
24.0,2024-08-13 6:48:03,에너지 절약을 위해서?,Question,Generate Design,5.0,6.0,4.0,0.0,0.0,0.0,0
24.0,2024-08-13 6:48:35,그거 좋은 아이디어같은데?,Statement,Evaluation,,,,2.0,1.0,1.0,1
24.0,2024-08-13 6:48:38,아예 그런 방향으로 틀어보는 건 어때?,Question,Generate Design,5.0,5.0,4.0,,,,1
24.0,2024-08-13 6:50:44,"그래 니가 새롭게 적은 아이디어에 셋째, 넷째 부분이 핵심인 것 같아.",Statement,Evaluation,,,,5.0,4.0,3.0,1
24.0,2024-08-13 6:50:47,"학생들로 하여금 스스로의 에너지 소비 습관을 되돌아보게 하고, 행동 변화를 유도하는 시스템을 디자인하는 거지.",Statement,Recommendation,,,,4.0,5.0,5.0,1
24.0,2024-08-13 6:52:58,할 수 있겠니?,Question,Generate Design,4.0,4.0,3.0,,,,0
24.0,2024-08-13 6:53:00,그래 그러면 일단 뭐부터 해야된다고 했지?,Question,Low-Level,4.0,3.0,1.0,0.0,0.0,0.0,0
24.0,2024-08-13 6:53:56,오 ㅋㅋ 기억하고 있네 그래 시장조사를 먼저 해.,Statement,Recommendation,,,,5.0,4.0,5.0,1
24.0,2024-08-13 6:54:28,설문조사같은 실제 사용자 조사도 좋은 아이디어야.,Statement,Evaluation,,,,4.0,4.0,4.0,1
24.0,2024-08-13 6:56:39,"에너지 절약은 유서 깊은 문제기 때문에, 분명히 이 문제를 해결하기 위한 디자인 아이디어들이 굉장히 많을 거야.",Statement,Information,,,,3.0,3.0,3.0,0
,,다만 너의 아이디어는 '기숙사'에서 '학생'들을 위한 맞춤형 서비스라는 점이 차별화가 될 것 같네.,Statement,Evaluation,,,,5.0,5.0,4.0,1
,,이 부분을 더 중점적으로 고민해 봐,Statement,Recommendation,,,,4.0,4.0,5.0,1
,,그 점이 핵심이 될 거라고.,Statement,Evaluation,,,,5.0,4.0,3.0,1
,,니가 질문한 거에 대답을 하려면 기숙사에 거주하는 학생들의 특징을 파악해야 돼.,Statement,Recommendation,,,,5.0,5.0,5.0,1
,,어쩌면 니가 타겟하고 있는 문제는 기숙사에 사는 학생들의 안일한 의식 수준이 근본적인 문제일 수 있어.,Statement,Evaluation,,,,4.0,4.0,3.0,0
,,내 소유와 책임이 아니니까 에너지를 막 쓰는 거잖아.,Statement,Evaluation,,,,4.0,4.0,3.0,0
,,그 점을 디자인으로 해결하려면 어떻게 해야할까?,Question,Generate Design,5.0,5.0,5.0,,,,1
,,를 고민해야 할 것 같음,Statement,Recommendation,,,,2.0,2.0,2.0,0
,,그래 그거는 일단 시장조사를 해보고 또 얘기해보자,Statement,Recommendation,,,,4.0,3.0,5.0,0
